0	1100032	7.929925780700
1	1100131	17.884864327698
2	1100172	7.872997797984
3	1100180	9.466665239912
4	1100289	15.907459835115
5	1100313	9.201989468096
6	1100339	17.978173405333
7	1100354	8.228844793364
8	1100404	17.633763567318
9	1100487	8.469063442223
10	1100578	8.522484376330
11	1100586	8.964181348602
12	1100602	9.216757563608
13	1100628	10.425536353017
14	1100644	8.037642423161
15	1100677	8.836692903502
16	1100701	10.900123776468
17	1100719	7.824827593963
18	1100735	9.828758172429
19	1100750	7.928162581233
20	1100792	12.841771182328
21	1100818	11.904346217829
22	1100875	9.576117284671
23	1100883	9.125187377779
24	1100966	12.441738659967
25	1101014	8.037778243110
26	1101022	9.210312062536
27	1101048	9.957420504980
28	1101097	7.824463449230
29	1101204	8.202410710431
30	1101220	8.965704047260
31	1101261	8.683499959443
32	1101311	7.828741207885
33	1101378	9.968338937865
34	1101402	8.147307305208
35	1101444	8.251761945174
36	1101485	10.275278774970
37	1101519	8.973286257159
38	1101568	9.406225221984
39	1101618	10.781104634555
40	1101675	8.957462151509
41	1101683	8.009100990498
42	1101758	9.359566085209
43	1101790	11.428757927450
44	1101824	8.853693247003
45	1101832	8.843479030663
46	1101865	9.425890021634
47	1101949	7.876739160955
48	1102046	8.117163136554
49	1102053	8.252129162164
50	1102079	8.196493693991
51	1102129	8.184381785053
52	1102152	8.557192324809
53	1102186	8.196350955758
54	1102236	7.821161072723
55	1102244	7.983842324010
56	1102293	16.013218511319
57	1102301	8.533058399936
58	1102327	10.353411658709
59	1102392	8.704956202225
60	1102418	7.928961799377
61	1102426	8.786759882424
62	1102459	8.851527356625
63	1102483	7.928190647901
64	1102491	11.572906733528
65	1102533	7.874316888043
66	1102541	7.823499134210
67	1102673	7.928151974876
68	1102699	7.929608394683
69	1102715	7.927508193460
70	1102780	13.419476298399
71	1102806	8.348990749262
72	1102822	8.821079865968
73	1102863	8.143687637600
74	1102947	8.164667561311
75	1102988	8.195949152573
76	1102996	9.896430272869
77	1103010	8.600612959806
78	1103028	7.874965208371
79	1103051	8.529700025146
80	1103101	7.929502233179
81	1103259	11.191846702023
82	1103283	7.874725321045
83	1103309	9.467404843148
84	1103341	7.926995902489
85	1103390	8.743719163650
86	1103408	12.459347530032
87	1103473	8.686207331435
88	1103481	8.633987038189
89	1103499	9.397083304658
90	1103515	8.141581333095
91	1103564	11.567058181943
92	1103614	8.617025218871
93	1103648	8.469257878231
94	1103671	8.411017165764
95	1103705	18.017859676278
96	1103739	7.985280193517
97	1103754	9.699272247371
98	1103762	9.019246219864
99	1103804	8.198299306305
100	1103838	17.237073014508
101	1103879	8.725671133716
102	1103911	10.233203507032
103	1103929	7.980004371664
104	1103986	11.233586880240
105	1104000	8.111428520453
106	1104059	7.924706436952
107	1104075	8.143585406578
108	1104091	7.938502328199
109	1104174	7.822257311683
110	1104208	8.913583064435
111	1104273	9.043145335348
112	1104307	8.822026749598
113	1104323	9.670440178677
114	1104331	14.719197898602
115	1104349	12.478871157520
116	1104380	10.134513274417
117	1104398	10.954950628789
118	1104430	11.434992167256
119	1104463	8.231024232107
120	1104497	9.884769298048
121	1104505	8.945440931650
122	1104513	8.037371971461
123	1104547	7.874514984569
124	1104562	8.195453909471
125	1104570	10.890444038690
126	1104752	7.830438546597
127	1104786	13.604084277952
128	1104836	7.829976519163
129	1104877	7.823407407672
130	1104901	14.521538818442
131	1105007	11.333563980718
132	1105064	9.211998407960
133	1105098	12.461820085336
134	1105270	7.886313397157
135	1105304	10.603085541201
136	1105320	9.530252606124
137	1105437	8.653224695760
138	1105494	10.855915864611
139	1105544	14.065601046991
140	1105569	8.041886432085
141	1105627	8.852569059568
142	1105643	19.254762888686
143	1105676	9.684232688703
144	1105718	7.975048556189
145	1105759	7.982763051303
146	1105767	10.840997713603
147	1105775	11.224178740480
148	1105809	14.517264189181
149	1105817	8.183694417732
150	1105825	12.919488934900
151	1105866	8.369309354798
152	1105924	8.960908079755
153	1105981	7.826157125889
154	1106005	9.735714567928
155	1106021	7.928792235581
156	1106039	12.445594899217
157	1106047	9.068946745973
158	1106062	12.823354502941
159	1106070	11.143008143088
160	1106104	37.289055125969
161	1106112	7.928736991682
162	1106120	8.262945901126
163	1106138	8.575511387201
164	1106161	7.876312165032
165	1106187	12.115138310810
166	1106195	8.694525205084
167	1106245	8.036748697658
168	1106328	8.957769972006
169	1106351	8.641403350560
170	1106385	11.898712714023
171	1106393	8.029015026174
172	1106450	8.398091783558
173	1106500	10.904103385587
174	1106518	8.662450745758
175	1106526	7.928207969244
176	1106633	11.945427293382
177	1106641	7.929841583037
178	1106658	8.555787193587
179	1106690	7.929269382857
180	1106708	8.036693858299
181	1106724	7.821054679289
182	1106732	16.506887339165
183	1106799	8.893663302696
184	1106807	9.092243718601
185	1106856	10.575680253323
186	1106880	11.007877891277
187	1106898	7.983094936776
188	1106906	9.466665330355
189	1106922	9.359813294739
190	1106930	11.158390759831
191	1106955	8.696416219741
192	1106963	8.883955029529
193	1107045	16.178592992959
194	1107078	15.069053168577
195	1107102	9.043610957778
196	1107136	8.252685073343
197	1107227	7.867730642867
198	1107342	9.321647667236
199	1107490	8.090514115846
200	1107524	8.528812940197
201	1107573	7.928214789599
202	1107581	8.356634696293
203	1107649	8.434612269945
204	1107722	10.654286710207
205	1107839	10.403655868579
206	1107912	16.744145323541
207	1107946	8.038965816029
208	1108043	7.983204161416
209	1108076	7.929250013735
210	1108084	18.566955466449
211	1108126	7.981772737491
212	1108134	18.267551119444
213	1108159	8.106498349182
214	1108167	8.194767701451
215	1108191	8.692430416546
216	1108217	8.850983765528
217	1108290	10.008771742575
218	1108407	11.437320866529
219	1108514	7.873668098987
220	1108555	7.826678518151
221	1108563	8.526012073448
222	1108597	7.875025216755
223	1108696	8.872023743396
224	1108712	8.790524861754
225	1108720	11.241360295538
226	1108951	7.928877813004
227	1108969	12.453372889359
228	1108993	8.306436786558
229	1109017	12.641490548088
230	1109066	8.208895173968
231	1109157	8.794686632202
232	1109165	7.874421307776
233	1109181	8.036911806317
234	1109215	8.020460992479
235	1109231	8.045485299524
236	1109264	10.338090296104
237	1109298	9.164638283313
238	1109330	9.477713184591
239	1109355	10.024819889552
240	1109413	8.741828978859
241	1109439	8.683806348294
242	1109447	11.234075569177
243	1109538	8.852655475610
244	1109546	8.362784964502
245	1109579	7.873611296893
246	1109686	10.952194098559
247	1109777	10.912197873480
248	1109835	9.611038953920
249	1109850	10.061158564381
250	1109868	9.013190563727
251	1109876	8.305461999816
252	1110015	8.784730283528
253	1110049	15.786030214888
254	1110064	16.388315972556
255	1110098	8.087119850950
256	1110114	8.838551042033
257	1110122	8.581321317544
258	1110163	8.834698235560
259	1110171	8.905817079278
260	1110197	10.608035070663
261	1110247	10.487060047781
262	1110320	8.010513228221
263	1110387	8.422196734962
264	1110486	9.990595268588
265	1110510	8.147059384209
266	1110528	10.171089884971
267	1110544	9.803942977781
268	1110585	10.393534674941
269	1110593	8.903254546814
270	1110650	10.577311209489
271	1110718	10.307587383978
272	1110767	7.874793087269
273	1110791	7.826379548452
274	1110833	11.923163302608
275	1110841	8.090895607382
276	1110874	9.615570490387
277	1110916	8.497518781905
278	1110973	8.907004905734
279	1110981	8.241728646261
280	1111039	33.804973962997
281	1111047	8.690026430325
282	1111138	8.064854315964
283	1111211	8.508189676238
284	1111229	18.921604136410
285	1111237	9.292942331713
286	1111245	23.475410767709
287	1111336	7.963252217973
288	1111351	8.471787214247
289	1111435	11.618915724716
290	1111476	10.218259427816
291	1111492	9.011999775897
292	1111500	8.052658717724
293	1111526	8.327711493730
294	1111617	8.625206890423
295	1111690	9.068510297514
296	1111732	7.985415243777
297	1111740	17.236005894271
298	1111757	8.237720183247
299	1111765	15.079320196686
300	1111831	8.436962678293
301	1111856	9.291324233478
302	1111880	12.367861339066
303	1111914	9.495555669809
304	1111963	10.947173579681
305	1112052	10.737288107586
306	1112078	9.563028821046
307	1112086	8.825654157695
308	1112128	12.818543879475
309	1112185	12.173504477286
310	1112193	8.093571265393
311	1112300	7.952150878768
312	1112383	8.229541188625
313	1112482	8.142910548502
314	1112490	7.982686026223
315	1112508	10.449306640590
316	1112557	7.874434249214
317	1112573	11.806058959099
318	1112615	9.290725173111
319	1112623	8.148965883264
320	1112664	8.090521071215
321	1112698	8.573096149253
322	1112706	7.930836362778
323	1112730	7.875014991947
324	1112748	10.391398166722
325	1112755	13.210918827200
326	1112813	15.873090782123
327	1112888	8.568809945698
328	1112938	14.470116858354
329	1112946	14.069415573022
330	1113043	8.470503560771
331	1113126	8.310520213785
332	1113134	8.947118577040
333	1113142	8.021797177186
334	1113183	12.246942765850
335	1113209	8.979037674461
336	1113217	7.935928414553
337	1113225	8.362743000690
338	1113290	12.452774057483
339	1113357	9.348177151969
340	1113381	8.059303162651
341	1113456	7.983651200362
342	1113472	13.512148168755
343	1113498	10.269235911049
344	1113522	8.869943132110
345	1113563	8.448893694333
346	1113746	9.244207652079
347	1113753	8.341685431654
348	1113803	9.929394494520
349	1113852	9.224305337721
350	1113860	8.202210505886
351	1113936	9.751225213249
352	1114017	16.251383802503
353	1114058	9.483617360920
354	1114090	8.197661676720
355	1114132	10.288349433226
356	1114140	17.480438011787
357	1114173	9.364181136452
358	1114181	17.313608575405
359	1114256	7.874744722902
360	1114264	8.359571991556
361	1114280	8.147633004015
362	1114298	19.588322028115
363	1114322	7.890815733194
364	1114330	8.683466819005
365	1114348	17.443396950779
366	1114405	16.765528719609
367	1114421	9.645701426024
368	1114447	8.359999713897
369	1114454	8.124903230238
370	1114520	8.306930665615
371	1114546	8.614338551750
372	1114561	9.836401639901
373	1114587	8.144373408518
374	1114611	9.455906447351
375	1114637	10.096049628404
376	1114694	8.966653759878
377	1114710	9.913432601687
378	1114736	9.947597776819
379	1114751	12.988117598288
380	1114785	10.305713835639
381	1114801	8.307831149591
382	1114827	8.435764918845
383	1114835	8.630878138417
384	1114850	8.632733064956
385	1114900	8.034686745680
386	1114918	9.119543365526
387	1114934	8.036576205144
388	1114959	21.001127723092
389	1114983	10.772623727811
390	1114991	9.319558438493
391	1115048	21.543923549337
392	1115071	9.953985328624
393	1115105	15.059310999385
394	1115204	9.944580470221
395	1115295	8.370485614355
396	1115303	7.826710218488
397	1115352	13.458112149461
398	1115360	7.927714408639
399	1115428	9.702192733585
400	1115493	7.957027296728
401	1115550	7.822829419117
402	1115576	7.928225340571
403	1115584	7.928582541437
404	1115592	10.033629384891
405	1115626	10.674927335074
406	1115634	10.898573092761
407	1115758	8.855783826494
408	1115782	7.928367301039
409	1115923	9.790800712355
410	1115949	7.928242474703
411	1115964	8.641210351390
412	1115972	8.701432596704
413	1116012	11.934981629322
414	1116053	8.090403786921
415	1116061	7.876202242358
416	1116194	8.148603697452
417	1116228	8.631010679623
418	1116319	17.311359944218
419	1116335	8.428566637865
420	1116368	8.360841658066
421	1116509	8.111557577734
422	1116517	8.202275590847
423	1116533	11.342642779114
424	1116608	12.537224076007
425	1116632	8.089678299170
426	1116640	7.821316741034
427	1116681	12.851460796207
428	1116699	9.481788478621
429	1116756	8.561263056864
430	1116939	7.825659993322
431	1116962	8.720506436161
432	1116970	9.726364396069
433	1116996	7.980404249869
434	1117077	8.774077118780
435	1117085	12.175252617096
436	1117093	8.092128434221
437	1117143	8.477168141430
438	1117150	8.679396656845
439	1117192	11.625209785252
440	1117259	8.188953610885
441	1117275	9.633280643649
442	1117325	10.570159072167
443	1117333	10.166213931016
444	1117366	9.494067323759
445	1117374	8.343463010063
446	1117424	8.632203839685
447	1117473	8.849746645675
448	1117580	7.874143555184
449	1117606	8.418209129187
450	1117648	7.931876946278
451	1117671	8.577822650248
452	1117689	7.983262368509
453	1117804	9.380618575432
454	1117812	9.524423703139
455	1117838	8.311917672259
456	1117853	8.036891158086
457	1117879	10.888192554882
458	1117887	12.407371145826
459	1117895	9.065046412770
460	1117903	12.633240512810
461	1117952	9.022032642524
462	1117978	11.172742070025
463	1118018	8.521950930841
464	1118026	8.368769760149
465	1118034	7.874585947274
466	1118067	9.268317163927
467	1118125	7.891732532227
468	1118158	8.035973363709
469	1118182	7.927449113889
470	1118232	17.345309324761
471	1118240	8.751189573498
472	1118315	13.197658407976
473	1118323	11.375341795229
474	1118398	8.144366914459
475	1118406	7.822553070466
476	1118448	10.270586566635
477	1118489	7.981870631074
478	1118505	9.674790609812
479	1118562	9.037098601033
480	1118620	8.536191764909
481	1118646	11.307407991664
482	1118679	8.523407272115
483	1118695	8.307600176079
484	1118778	7.875518505005
485	1118794	8.253839727729
486	1118810	12.343272264675
487	1118828	9.470975568702
488	1118844	7.983560987287
489	1118851	8.096214236394
490	1118869	11.430761529238
491	1118877	8.798163631148
492	1118919	15.825103028420
493	1118927	10.169438868805
494	1118943	7.934210352956
495	1118992	7.825461552074
496	1119032	9.162097712107
497	1119057	11.707606741972
498	1119164	21.173991992039
499	1119180	8.796403212048
500	1119198	18.034665933565
501	1119214	8.256574699280
502	1119263	7.874790379262
503	1119271	11.870217935753
504	1119289	9.204156000486
505	1119362	8.073424012012
506	1119388	9.133043661322
507	1119438	10.189794850139
508	1119453	7.823999110757
509	1119487	7.990291108379
510	1119495	8.710616389288
511	1119503	9.491623513337
512	1119511	9.351115609801
513	1119529	16.434635943320
514	1119537	8.306321977634
515	1119545	8.012210188489
516	1119560	9.402370242214
517	1119578	11.896801620155
518	1119610	8.144379674265
519	1119651	7.821521778880
520	1119735	8.635375428166
521	1119859	9.705334839254
522	1119891	16.165967934087
523	1119925	10.329912163479
524	1119958	14.528624183794
525	1120014	10.437209296527
526	1120063	8.575515144246
527	1120105	8.360638218999
528	1120154	8.527628066328
529	1120170	8.780529054167
530	1120204	9.349408576456
531	1120220	7.887341924328
532	1120238	8.421406864191
533	1120246	12.383742617633
534	1120337	8.313523450655
535	1120345	8.199067095355
536	1120394	8.058907090762
537	1120410	7.874506390091
538	1120436	16.264450915618
539	1120477	11.765788655094
540	1120519	7.928799745675
541	1120584	7.942324763299
542	1120592	7.873668630893
543	1120600	8.854382419573
544	1120618	9.180489944062
545	1120626	8.028402629825
546	1120691	8.091856258901
547	1120717	9.163928652312
548	1120733	8.451459814896
549	1120766	8.842643256104
550	1120832	9.557085900152
551	1120840	8.048009609734
552	1120931	10.914226790248
553	1120980	7.891949950405
554	1120998	12.444906329580
555	1121004	8.036491838465
556	1121046	8.290351186992
557	1121053	8.789121013526
558	1121079	9.597771085154
559	1121111	10.264264701452
560	1121194	9.364802458229
561	1121236	8.414025304333
562	1121251	7.928654664909
563	1121269	8.199071008076
564	1121293	8.145377806347
565	1121327	14.974858682683
566	1121376	8.534268565447
567	1121434	10.335299366945
568	1121467	8.637626253666
569	1121541	11.234334384908
570	1121566	9.887810644234
571	1121665	8.144832608365
572	1121681	9.270770251583
573	1121731	8.372649875305
574	1121749	9.352205547976
575	1121822	7.928856540825
576	1121830	9.101761689230
577	1121913	10.292206890218
578	1121988	8.514238704812
579	1122010	7.982020528079
580	1122036	17.464288467605
581	1122069	8.896200266325
582	1122093	8.151223065551
583	1122176	9.047544990635
584	1122242	12.312897851371
585	1122259	9.001090240045
586	1122366	10.944579939039
587	1122515	8.037912189036
588	1122556	7.874670938072
589	1122580	7.874457200195
590	1122622	9.785410495554
591	1122630	8.597016380852
592	1122648	9.346718710236
593	1122655	8.046549412238
594	1122671	7.987747835754
595	1122770	8.723327884927
596	1122804	9.255860852867
597	1122812	8.857133253153
598	1122853	41.707953749086
599	1122861	8.854965170617
600	1122911	7.981525643548
601	1122960	8.516556471323
602	1123000	7.822551189887
603	1123034	10.050500614164
604	1123042	8.702922985779
605	1123059	9.277902922619
606	1123067	9.312025299436
607	1123075	8.130685718480
608	1123083	8.383274514039
609	1123117	8.082699431765
610	1123182	7.874071057720
611	1123190	9.375803731960
612	1123216	7.825199704083
613	1123224	9.305202073656
614	1123240	8.359910167683
615	1123281	8.034928405522
616	1123299	8.628020032606
617	1123307	8.419664476951
618	1123315	15.151773948250
619	1123323	9.620541897620
620	1123331	7.963009021714
621	1123364	9.454978435872
622	1123372	8.399788091511
623	1123430	8.251571712215
624	1123497	11.062755725492
625	1123547	7.935357949893
626	1123596	7.822184535703
627	1123620	10.818531704055
628	1123778	7.929148923466
629	1123802	9.630729282264
630	1123828	8.125692281236
631	1123893	7.933195064485
632	1123901	8.360364613367
633	1123935	11.270099529263
634	1123943	8.934376571704
635	1123992	9.529551584230
636	1124032	7.934162784933
637	1124040	8.819216013995
638	1124073	9.354401574099
639	1124172	14.366614196387
640	1124206	11.281829269638
641	1124248	8.952215647474
642	1124255	7.874512763151
643	1124271	9.162012076041
644	1124305	11.277963050737
645	1124339	10.813679126088
646	1124388	10.186548746865
647	1124446	17.993314465167
648	1124461	11.394137266850
649	1124495	13.011857162164
650	1124511	8.668306493645
651	1124552	8.310120696517
652	1124578	10.501317512901
653	1124594	8.143161896534
654	1124602	8.063355071738
655	1124610	9.390114103531
656	1124651	7.874970747286
657	1124701	8.526363951609
658	1124792	7.821435630632
659	1124875	8.144047548898
660	1124925	8.743956132438
661	1124966	12.475694567981
662	1124982	7.821007411431
663	1125088	9.694041826288
664	1125153	8.035659781345
665	1125229	9.897278518891
666	1125245	7.874711630601
667	1125286	8.035664016677
668	1125302	8.595722897207
669	1125377	10.453642514539
670	1125393	7.982495835246
671	1125435	10.830324108208
672	1125468	8.364664248969
673	1125484	12.460296260189
674	1125567	8.504864415028
675	1125633	7.929137256393
676	1125641	8.090872874066
677	1125732	9.617162361440
678	1125807	8.804013851609
679	1125815	8.035477516168
680	1125849	12.604259282865
681	1125922	7.874690923892
682	1125930	8.035311958056
683	1126086	29.508040025467
684	1126144	7.982925014698
685	1126193	10.101484557926
686	1126243	8.415481339866
687	1126367	8.496340788101
688	1126375	10.194844389305
689	1126466	9.470894066524
690	1126482	8.603723007490
691	1126490	10.691926724357
692	1126607	9.353193952046
693	1126656	12.626088831967
694	1126698	9.488672778643
695	1126805	7.874987087926
696	1126813	7.929714600601
697	1126821	10.725973483341
698	1126854	10.439325302232
699	1126946	8.089289034558
700	1126987	8.255343698790
701	1127001	11.604268390793
702	1127084	9.615301245489
703	1127167	11.559733241015
704	1127183	9.961970172429
705	1127191	9.992136232854
706	1127357	12.382373892815
707	1127464	7.874399887197
708	1127498	8.364674222848
709	1127530	8.036160720371
710	1127571	8.037181642976
711	1127621	8.313981399475
712	1127639	11.463578244563
713	1127647	25.773943164243
714	1127670	15.975019340348
715	1127738	10.295203017042
716	1127746	10.216355321630
717	1127761	11.563087825087
718	1127860	8.145066841190
719	1127902	10.263961069736
720	1127910	7.874695330050
721	1127985	8.843441538895
722	1128017	8.904448649607
723	1128066	11.605730021842
724	1128082	8.715542063507
725	1128140	7.935723837443
726	1128181	10.130371844473
727	1128199	12.150369116596
728	1128223	9.488092787055
729	1128256	15.257876763662
730	1128272	8.470623070771
731	1128371	9.185428594984
732	1128405	8.092521944882
733	1128413	8.309125401631
734	1128421	12.636552858868
735	1128462	14.269533624982
736	1128488	7.930358672865
737	1128504	14.695955244315
738	1128512	8.583832053485
739	1128520	7.821825932939
740	1128579	20.716969313735
741	1128637	13.654950240789
742	1128660	8.336759961878
743	1128678	7.983866940477
744	1128694	12.226111997976
745	1128702	15.620456839236
746	1128777	8.862157672578
747	1128801	8.336122052047
748	1128827	10.877709076072
749	1128850	9.217612798339
750	1128868	8.437004105483
751	1128892	9.078045182168
752	1128967	8.287325054880
753	1129007	7.874681864614
754	1129023	7.981311208702
755	1129049	13.665515095688
756	1129064	13.803215050881
757	1129106	7.928962876810
758	1129148	7.880524636223
759	1129239	7.876370908729
760	1129254	11.002764635856
761	1129296	9.289795203979
762	1129304	15.249704176182
763	1129346	7.982940581702
764	1129536	9.488048042932
765	1129551	9.901721938563
766	1129577	8.037780709329
767	1129585	8.697860074467
768	1129593	23.428850626238
769	1129619	11.022130355547
770	1129643	10.650812137089
771	1129668	11.573523116362
772	1129684	16.630712282331
773	1129718	16.395126719689
774	1129726	10.394775417698
775	1129734	11.997321088526
776	1129841	9.477583571751
777	1129866	9.240240600550
778	1129874	8.638984196419
779	1129882	9.012037262852
780	1129908	11.822615928795
781	1129916	10.905706735839
782	1129965	9.474140249069
783	1129973	8.748493880713
784	1130211	9.621539946091
785	1130237	8.692363818849
786	1130286	7.978377951594
787	1130302	9.451320006744
788	1130393	8.066884948137
789	1130468	7.926375420081
790	1130476	23.113234669878
791	1130559	10.017397539924
792	1130583	8.801733992586
793	1130682	8.797892208155
794	1130690	7.927795208552
795	1130708	9.373467337773
796	1130732	7.977119918881
797	1130765	8.234406181987
798	1130807	11.213972935443
799	1130831	9.130641334077
800	1130864	14.234821390757
801	1130906	8.142044638730
802	1130930	8.507615371604
803	1130997	10.140701185254
804	1131011	10.983012098936
805	1131052	8.305323706212
806	1131060	11.408629613370
807	1131102	7.823271013477
808	1131128	8.087122799088
809	1131169	8.818090038418
810	1131185	11.297122156503
811	1131243	7.829403974514
812	1131300	7.981157909448
813	1131342	9.009180179093
814	1131367	8.938772169779
815	1131375	8.038061231775
816	1131409	7.877663141540
817	1131417	8.109543069633
818	1131425	17.619042299108
819	1131433	7.983648223117
820	1131466	7.874693876902
821	1131516	11.613796621009
822	1131615	12.772386772613
823	1131664	7.875006497323
824	1131672	7.899240521398
825	1131755	7.982361703100
826	1131763	8.704563281422
827	1131813	9.398294507548
828	1131920	7.880305435026
829	1131938	7.874273113612
830	1132100	9.342431770947
831	1132126	15.809447330676
832	1132142	7.928683916599
833	1132183	9.109240590165
834	1132324	9.253692586090
835	1132373	11.976503210473
836	1132381	7.983223986475
837	1132399	8.033688274477
838	1132407	8.034890549001
839	1132423	11.414292519328
840	1132449	7.931800570287
841	1132456	8.534754273406
842	1132498	8.478296520194
843	1132506	9.562909037525
844	1132555	9.214864929487
845	1132621	10.593159687982
846	1132639	9.406312931198
847	1132670	8.471804994084
848	1132803	10.720220494310
849	1132951	8.439160450420
850	1132969	8.318909463113
851	1133041	8.054057531114
852	1133090	7.875013513789
853	1133108	7.874808848371
854	1133132	9.815095175185
855	1133165	7.928135425923
856	1133199	8.082850882941
857	1133207	10.970819640986
858	1133249	7.981999391599
859	1133264	7.937126461936
860	1133272	9.682206892756
861	1133306	8.960556118716
862	1133348	7.928709966181
863	1133371	7.821727963974
864	1133389	12.272038106912
865	1133397	12.334153497862
866	1133413	12.735366161380
867	1133538	8.636631305751
868	1133603	11.889756618975
869	1133611	8.032724288898
870	1133637	7.822694099471
871	1133660	13.939933732239
872	1133694	19.376113145241
873	1133744	12.812839055710
874	1133769	8.743126277795
875	1133785	9.983445289886
876	1133793	8.419443893755
877	1133827	13.670360609592
878	1133850	16.576802358425
879	1133884	7.828176687541
880	1133934	10.608871004585
881	1133991	11.310664624637
882	1134098	8.572004029495
883	1134106	9.100299181345
884	1134163	11.427320896296
885	1134171	8.014407661470
886	1134189	29.330526979615
887	1134270	17.560701517281
888	1134338	9.470518192320
889	1134379	20.105991113473
890	1134387	8.800847245377
891	1134395	11.727521777996
892	1134411	8.092129767289
893	1134437	8.535579767373
894	1134478	15.891479626465
895	1134486	9.665350102249
896	1134494	8.307057326283
897	1134569	9.847154239665
898	1134601	8.575096058258
899	1134650	13.693354902983
900	1134676	7.826487681436
901	1134684	10.784129787620
902	1134692	15.044792505434
903	1134718	9.091479044819
904	1134734	8.738592037103
905	1134742	8.935921045688
906	1134890	8.474156355895
907	1135087	9.080941558391
908	1135095	8.288532972541
909	1135145	10.177168486598
910	1135251	10.347004234722
911	1135319	8.691767583217
912	1135335	7.889096631716
913	1135350	9.657195036544
914	1135368	9.583731533698
915	1135400	8.065614880754
916	1135509	10.818245506815
917	1135525	7.874871056504
918	1135574	9.653991906933
919	1135616	12.249514180252
920	1135632	8.152256984326
921	1135731	7.823178666663
922	1135962	15.669755862313
923	1135970	7.874051034805
924	1136002	7.891107058314
925	1136077	8.219495438701
926	1136119	8.091996917813
927	1136143	12.066994405662
928	1136168	9.637649628937
929	1136226	7.821221688377
930	1136234	8.282371770852
931	1136242	9.149579860019
932	1136267	8.740945572527
933	1136291	8.252363948686
934	1136309	9.234829520904
935	1136440	11.588001574953
936	1136481	7.823137984205
937	1136507	9.381033221633
938	1136515	9.329626725651
939	1136549	8.968970559114
940	1136572	10.147080052252
941	1136580	10.454664226017
942	1136606	9.339424830180
943	1136713	16.585918000171
944	1136721	10.172120831280
945	1136879	10.709933850371
946	1136952	8.958595079791
947	1136978	11.264765543323
948	1137018	9.936860595951
949	1137117	7.874880540478
950	1137125	8.255081138056
951	1137141	10.225209211048
952	1137208	10.375117542100
953	1137232	8.447664437308
954	1137257	10.126483924373
955	1137273	8.838260258364
956	1137299	7.982019948753
957	1137364	8.705332423557
958	1137372	7.912148664469
959	1137554	9.807769430883
960	1137596	9.030371707161
961	1137612	17.110819562430
962	1137711	7.867712588425
963	1137794	10.658119595740
964	1137828	15.135104531911
965	1137836	9.176750080156
966	1137885	8.889857174093
967	1137935	7.821210209116
968	1137943	8.633331129958
969	1137992	9.554616291265
970	1138024	9.175758797504
971	1138040	9.295312330825
972	1138107	8.417684848192
973	1138131	8.541152174162
974	1138149	16.264889136332
975	1138156	9.130935515361
976	1138222	7.879180863936
977	1138248	9.178043426607
978	1138289	8.341248133590
979	1138313	8.692661350886
980	1138321	8.311130891108
981	1138362	9.012674050539
982	1138404	26.601836696879
983	1138412	8.323712548007
984	1138420	9.098068179984
985	1138578	8.542187944792
986	1138586	7.995839090731
987	1138628	7.985828938733
988	1138644	15.912717628549
989	1138651	13.188640272243
990	1138727	7.874042980292
991	1138768	25.108142252725
992	1138776	8.035844823245
993	1138800	7.881070776803
994	1138834	11.236437803088
995	1138875	8.037852814719
996	1138883	16.190902424476
997	1138933	9.892809386768
998	1139022	7.872791175902
999	1139105	9.510272060747
1000	1139113	8.202357216446
1001	1139139	15.224246465316
1002	1139147	7.928434372665
1003	1139170	8.135020508203
1004	1139212	13.534100704068
1005	1139295	9.435421110787
1006	1139311	8.257246966158
1007	1139352	8.036465979183
1008	1139360	7.928749521369
1009	1139444	12.184940475326
1010	1139485	8.270770218450
1011	1139493	7.874089702843
1012	1139543	7.824235287809
1013	1139592	7.874107222710
1014	1139667	9.122687387056
1015	1139725	9.409639330383
1016	1139733	9.653469732925
1017	1139741	12.503337479687
1018	1139782	8.861954272003
1019	1139824	13.828799087975
1020	1139865	8.198934285935
1021	1140129	9.571648345494
1022	1140137	29.015814713939
1023	1140152	8.157624332235
1024	1140178	9.024661989206
1025	1140186	7.929171851944
1026	1140236	11.210813303030
1027	1140293	9.693254387871
1028	1140343	10.799442817755
1029	1140350	10.400524762794
1030	1140392	8.147994706917
1031	1140400	7.917180200380
1032	1140509	7.824455441779
1033	1140517	8.346949532512
1034	1140525	9.420490884371
1035	1140533	8.147314367291
1036	1140558	20.466975981811
1037	1140582	7.977889029318
1038	1140632	7.874429388181
1039	1140665	8.035990806730
1040	1140681	12.773808801933
1041	1140699	9.177589170133
1042	1140715	8.037599667638
1043	1140756	7.934480537217
1044	1140764	9.628912609094
1045	1140806	10.279244373712
1046	1140848	11.514407669504
1047	1140889	14.561941936299
1048	1140913	9.548714194944
1049	1140954	10.279700225495
1050	1140962	10.254288880721
1051	1140996	8.625867623718
1052	1141002	8.090071928404
1053	1141036	7.830590319926
1054	1141069	11.335663717156
1055	1141119	7.822697701629
1056	1141150	8.946662514667
1057	1141168	8.091640868066
1058	1141218	14.040795374661
1059	1141226	8.306307209184
1060	1141317	8.633200289528
1061	1141382	8.743192071722
1062	1141390	8.890402841855
1063	1141408	13.333048459582
1064	1141416	8.261770974643
1065	1141432	7.981704977015
1066	1141440	13.475316455628
1067	1141515	8.211571383390
1068	1141564	17.230467160075
1069	1141606	11.296384250304
1070	1141614	9.167170506306
1071	1141622	24.095466569259
1072	1141697	8.434535027973
1073	1141705	7.823775727895
1074	1141747	10.553928247902
1075	1141762	10.274053274149
1076	1141903	7.955764033105
1077	1141911	12.363645077550
1078	1142026	9.668291184606
1079	1142059	8.908514772127
1080	1142109	8.035723884554
1081	1142141	8.089821659032
1082	1142158	8.311155964829
1083	1142166	8.302872616889
1084	1142208	8.037900581398
1085	1142257	8.197879422586
1086	1142265	9.668482202182
1087	1142307	7.874440704939
1088	1142356	8.801194141422
1089	1142380	7.929209217157
1090	1142430	11.163039125666
1091	1142448	10.465052724412
1092	1142455	7.884835036612
1093	1142463	7.928518582291
1094	1142539	7.874672877443
1095	1142547	7.929216681481
1096	1142562	8.906470151766
1097	1142588	12.258380092890
1098	1142604	9.844764942631
1099	1142612	13.571025284948
1100	1142687	17.489326230595
1101	1142760	11.363482812521
1102	1142778	7.873817383115
1103	1142851	15.904278095507
1104	1142901	7.927931959294
1105	1142919	12.064526353491
1106	1142943	24.902613007685
1107	1143107	10.103171088001
1108	1143115	8.173144615896
1109	1143156	8.265924229108
1110	1143289	8.525856618505
1111	1143305	8.730288694903
1112	1143347	9.079874462596
1113	1143438	8.740314734172
1114	1143503	9.916131294158
1115	1143511	7.881474701274
1116	1143602	17.108413741740
1117	1143677	12.166430526487
1118	1143701	8.146342029062
1119	1143867	11.888138755318
1120	1143982	8.146417211957
1121	1144048	11.382172225955
1122	1144063	11.932630935256
1123	1144113	14.265218543626
1124	1144170	9.589206326672
1125	1144196	7.821138195471
1126	1144220	8.969487091186
1127	1144410	8.870374052584
1128	1144444	36.467217818568
1129	1144451	15.874514759387
1130	1144477	10.679719682947
1131	1144519	8.857107013433
1132	1144584	7.874138235409
1133	1144683	9.509665092593
1134	1144725	9.065654194475
1135	1144733	8.797232251462
1136	1144782	8.239831790855
1137	1144790	8.144747537264
1138	1144808	7.981160355186
1139	1144832	9.064349456339
1140	1144857	11.361334898804
1141	1144899	12.918971329979
1142	1144972	9.458655147658
1143	1145003	8.727154161772
1144	1145052	9.982517855607
1145	1145086	10.237149139972
1146	1145128	8.959574241047
1147	1145151	7.933059142586
1148	1145185	8.795431644105
1149	1145250	7.873575296830
1150	1145318	7.823345697137
1151	1145359	9.702668888921
1152	1145383	9.130303021743
1153	1145458	8.037103486833
1154	1145508	9.412090531425
1155	1145532	7.875061552725
1156	1145540	9.117107371426
1157	1145565	8.253141122928
1158	1145623	9.282618947773
1159	1145649	9.342958901637
1160	1145714	7.928085939556
1161	1145839	9.496107026687
1162	1145920	9.190558457450
1163	1145961	7.822115628515
1164	1146043	7.879873626953
1165	1146068	15.624428040661
1166	1146175	9.242666830722
1167	1146258	7.977454371153
1168	1146316	8.842030287620
1169	1146365	7.874867987282
1170	1146431	14.120506986822
1171	1146514	11.000558383754
1172	1146571	7.828364748632
1173	1146605	8.795117029772
1174	1146639	7.928503422100
1175	1146654	8.040080948135
1176	1146688	15.069656068629
1177	1146696	7.874352046110
1178	1146753	9.814772492996
1179	1146787	11.781556441188
1180	1146795	7.833379819895
1181	1146837	10.554231559594
1182	1146852	9.673537775118
1183	1146944	8.113054262178
1184	1146993	8.146890153860
1185	1147116	15.766759626690
1186	1147132	7.932945475919
1187	1147157	13.328208944829
1188	1147165	14.242170648472
1189	1147207	13.342365362511
1190	1147223	8.430574088956
1191	1147272	7.874697651194
1192	1147330	8.801311934718
1193	1147355	8.185412528594
1194	1147363	12.963604717707
1195	1147405	8.475347156339
1196	1147447	8.039545199448
1197	1147454	9.711052669421
1198	1147538	18.575232155933
1199	1147546	9.302826609119
1200	1147702	9.316389912276
1201	1147801	8.203710070804
1202	1147835	10.779876864912
1203	1147843	9.006545123000
1204	1147892	20.343874181224
1205	1147900	10.254717639753
1206	1147991	8.682491703531
1207	1148049	9.505412242757
1208	1148064	9.309999443642
1209	1148098	9.161738858368
1210	1148171	8.617716075779
1211	1148205	8.086912782004
1212	1148239	10.392216878188
1213	1148254	7.933212678465
1214	1148296	8.134405829620
1215	1148312	8.036308887273
1216	1148320	7.874406719279
1217	1148379	10.785256229417
1218	1148403	7.821477303810
1219	1148429	7.928050866403
1220	1148452	16.870956547340
1221	1148478	10.811947807719
1222	1148528	8.037213299601
1223	1148536	18.787413967761
1224	1148577	10.945390506377
1225	1148601	10.454670775794
1226	1148668	9.504386707963
1227	1148734	8.974200246853
1228	1148759	8.115008475819
1229	1148767	9.440123255735
1230	1148809	10.750701254116
1231	1148916	10.865395530792
1232	1148999	14.201662140302
1233	1149039	9.293890908167
1234	1149104	8.237232548571
1235	1149120	8.223939672090
1236	1149153	7.997956232840
1237	1149161	8.550903133672
1238	1149187	8.088754939979
1239	1149245	9.685524312862
1240	1149286	11.538960144682
1241	1149328	8.100850629227
1242	1149336	7.928582670783
1243	1149344	8.521215212908
1244	1149435	10.019845836546
1245	1149500	14.812847078323
1246	1149559	7.827574472512
1247	1149575	7.928732435143
1248	1149617	7.866046750660
1249	1149682	11.233077774714
1250	1149724	16.713663991928
1251	1149781	7.979472543062
1252	1149849	8.963403462143
1253	1149922	15.724882172370
1254	1149930	12.809872681902
1255	1149955	8.470777388923
1256	1149963	8.762066116655
1257	1150037	9.516333400114
1258	1150045	8.444994455017
1259	1150151	7.826368436101
1260	1150177	8.704766897856
1261	1150185	8.254421402063
1262	1150243	8.039305820492
1263	1150268	8.685398794437
1264	1150375	9.540356375007
1265	1150383	10.351619451021
1266	1150391	8.036477587462
1267	1150433	8.364998149934
1268	1150466	8.037256086305
1269	1150516	10.466588275128
1270	1150524	8.308279417683
1271	1150565	9.367132230083
1272	1150573	12.004589881210
1273	1150581	8.561026788987
1274	1150615	8.421226106074
1275	1150722	7.954809613359
1276	1150797	8.692892039217
1277	1151019	8.378956598859
1278	1151043	10.884665510729
1279	1151084	8.252301336076
1280	1151092	12.317711422029
1281	1151118	8.662041965788
1282	1151142	8.144969012939
1283	1151290	8.515749797048
1284	1151381	12.533323003558
1285	1151498	8.146822643957
1286	1151514	8.201325747556
1287	1151522	8.362214757269
1288	1151555	10.012020584400
1289	1151563	7.821966286486
1290	1151670	7.927521013022
1291	1151688	9.461173866075
1292	1151746	7.929274009023
1293	1151894	56.389164648026
1294	1151902	9.296305540808
1295	1151969	9.394904813077
1296	1151977	9.401535876243
1297	1152082	8.334015543380
1298	1152116	8.458797482016
1299	1152132	9.952291265316
1300	1152140	9.390507321174
1301	1152173	12.882315081401
1302	1152199	8.184077460779
1303	1152256	7.823190338956
1304	1152280	8.305956422798
1305	1152314	7.983034894186
1306	1152355	8.035604132015
1307	1152496	12.484836907622
1308	1152553	8.310514904827
1309	1152561	7.928850660310
1310	1152587	10.230669924686
1311	1152611	8.036887771271
1312	1152652	8.096961952002
1313	1152850	8.090804214514
1314	1152876	8.198408842469
1315	1152926	9.607390719979
1316	1152942	17.511932197848
1317	1153007	7.942649083729
1318	1153023	21.723426796657
1319	1153106	10.306268014542
1320	1153213	10.280799817049
1321	1153239	11.870718776680
1322	1153270	14.621705981608
1323	1153304	8.362091218676
1324	1153379	7.821617747336
1325	1153395	11.743739809774
1326	1153502	7.927040620045
1327	1153510	13.707420890438
1328	1153536	8.037886933471
1329	1153569	10.551142508616
1330	1153684	8.143619066860
1331	1153726	11.458790128217
1332	1153734	7.927102428157
1333	1153742	17.522602944688
1334	1153783	8.633626386529
1335	1153916	8.092808030976
1336	1153932	9.418378666493
1337	1154047	7.874764133553
1338	1154062	12.133868690061
1339	1154088	8.416518660684
1340	1154104	8.092188744613
1341	1154161	8.958033700579
1342	1154245	13.071949328623
1343	1154302	8.261675729971
1344	1154310	7.927835061182
1345	1154336	14.759434753063
1346	1154351	7.921427424369
1347	1154468	8.198052239335
1348	1154500	12.528945525110
1349	1154526	8.309202836634
1350	1154542	13.614278444110
1351	1154559	8.414882157042
1352	1154666	8.485595877758
1353	1154682	8.758941118410
1354	1154708	8.298136922855
1355	1154732	8.625275306610
1356	1154757	11.177420227386
1357	1154807	8.174573433427
1358	1154849	8.419348798682
1359	1154864	16.226178891818
1360	1154880	16.261298776274
1361	1154914	9.423290284585
1362	1154948	8.688532533594
1363	1154971	15.173618503546
1364	1155036	9.111263867434
1365	1155150	8.843441842311
1366	1155242	7.876841369495
1367	1155275	13.695024482319
1368	1155317	7.929733748573
1369	1155382	7.874451692379
1370	1155408	8.251588139129
1371	1155473	8.103930459370
1372	1155499	11.074305856553
1373	1155515	7.874833380452
1374	1155572	8.471242239861
1375	1155705	8.038379607542
1376	1155721	9.046920266204
1377	1155796	8.119378078279
1378	1155887	7.936081303584
1379	1155895	10.467698490683
1380	1156000	10.868682672155
1381	1156042	7.821465843759
1382	1156075	9.338144175766
1383	1156208	15.217729567422
1384	1156430	14.659973631080
1385	1156513	23.827433852629
1386	1156711	14.360435949987
1387	1156745	12.020068491229
1388	1156869	9.504193972647
1389	1157008	8.364898284016
1390	1157214	8.306122535646
1391	1157263	13.045436605772
1392	1157339	10.081854582766
1393	1157354	11.950362198925
1394	2100016	26.615327191251
1395	2100024	9.909819775237
1396	2100057	8.038891310631
1397	2100065	8.058451834661
1398	2100081	15.481305668970
1399	2100107	9.824058086517
1400	2100123	8.033208390797
1401	2100271	10.124060155481
1402	2100370	17.313997309208
1403	2100396	10.931803587445
1404	2100404	8.690618448607
1405	2100420	10.255775584999
1406	2100461	7.821159078350
1407	2100560	7.823122268132
1408	2100594	7.945406493789
1409	2100602	8.161016932099
1410	2100636	9.050043330167
1411	2100669	9.843998356445
1412	2100685	8.399330595789
1413	2100693	8.804321581144
1414	2100750	10.837688135243
1415	2100768	10.093066650811
1416	2100800	9.665485578170
1417	2100818	11.930146582708
1418	2100875	8.579822944530
1419	2100891	13.791659871034
1420	2100909	11.827053416047
1421	2100933	9.266631475129
1422	2100941	8.365083061087
1423	2100974	7.930342652807
1424	2101063	9.190252902529
1425	2101121	8.450769944352
1426	2101378	8.331765665989
1427	2101394	16.672670935428
1428	2101428	13.995031734751
1429	2101600	7.822910868747
1430	2101733	10.283148963508
1431	2101758	8.102809496060
1432	2101766	11.815695718558
1433	2101782	10.003416376845
1434	2101790	17.003893779089
1435	2101832	8.037574608446
1436	2101915	8.836889867954
1437	2101949	9.150403396834
1438	2101980	8.670409673516
1439	2102020	9.741761590786
1440	2102087	8.677828309366
1441	2102095	8.531740066935
1442	2102129	12.194117246285
1443	2102178	15.227747453986
1444	2102228	7.874344835993
1445	2102277	8.535824969674
1446	2102285	11.130675269526
1447	2102293	7.928542330027
1448	2102343	8.056120304515
1449	2102350	9.904798172967
1450	2102442	7.928638531119
1451	2102459	7.983307601878
1452	2102467	8.576628041790
1453	2102483	9.379457541739
1454	2102525	7.983484610100
1455	2102673	8.146413570023
1456	2102715	11.946767222505
1457	2102830	8.682559832304
1458	2102913	7.881145815797
1459	2102962	7.931310522548
1460	2102988	8.466345067356
1461	2103200	7.983096140659
1462	2103218	9.928357235464
1463	2103242	8.400202475258
1464	2103291	15.415769747930
1465	2103309	8.523294810563
1466	2103325	9.812052165075
1467	2103358	7.877437619817
1468	2103382	8.142775084506
1469	2103390	16.856183320623
1470	2103424	7.824273785619
1471	2103614	8.144947102322
1472	2103721	11.100959708620
1473	2103887	19.511769848974
1474	2103929	7.821354475059
1475	2103994	8.327356070417
1476	2104034	9.256605552677
1477	2104067	8.322634567895
1478	2104091	12.363685475327
1479	2104166	7.878697136207
1480	2104273	8.560324164732
1481	2104406	7.827642824293
1482	2104422	13.413932788948
1483	2104547	12.469315856964
1484	2104554	9.088574003753
1485	2104612	9.160025634117
1486	2104620	11.711936227415
1487	2104661	8.406586926206
1488	2104695	10.843459661124
1489	2104703	10.694812940246
1490	2104869	9.853211490778
1491	2104950	10.252224788737
1492	2105155	9.436471223566
1493	2105163	8.198211067718
1494	2105239	9.061112505322
1495	2105254	12.865198304220
1496	2105296	8.578604785328
1497	2105320	9.362459317433
1498	2105346	9.531759015607
1499	2105361	9.402508515481
1500	2105403	9.239654845640
1501	2105486	7.987333411511
1502	2105536	7.982007108044
1503	2105734	9.767985351066
1504	2105759	14.027570246329
1505	2105791	8.968486473299
1506	2105916	7.824375166617
1507	2105924	7.953728437632
1508	2105932	8.090938572370
1509	2106021	9.508062058381
1510	2106047	9.663938141362
1511	2106112	8.409551492907
1512	2106187	8.033233980263
1513	2106286	8.762769294702
1514	2106294	7.973136918529
1515	2106310	8.036826443281
1516	2106351	10.906666361828
1517	2106385	8.081181877002
1518	2106401	9.313341994386
1519	2106567	9.802131175483
1520	2106625	7.928696313805
1521	2106724	12.392865510559
1522	2106799	10.998369502671
1523	2106815	7.821087989094
1524	2106823	8.123452490843
1525	2106831	7.823625760466
1526	2106856	9.264317636121
1527	2107094	13.128781928406
1528	2107102	10.938365581412
1529	2107151	7.959049640337
1530	2107193	7.930187161858
1531	2107250	7.983595286020
1532	2107268	7.874741970564
1533	2107284	12.335033528773
1534	2107300	9.572947496423
1535	2107359	9.089817050866
1536	2107391	13.413517033564
1537	2107706	8.192419668868
1538	2107730	8.879043521453
1539	2107912	8.753963237407
1540	2107953	14.812373286502
1541	2107979	7.826818316444
1542	2108019	9.514285355059
1543	2108100	14.600644998995
1544	2108142	15.865317426330
1545	2108209	9.278134309199
1546	2108225	7.874430022040
1547	2108266	7.822027641367
1548	2108290	7.823674625114
1549	2108464	8.419371046672
1550	2108506	7.929077396857
1551	2108522	9.270183186769
1552	2108563	8.902449817820
1553	2108571	7.925091374984
1554	2108639	17.630903787220
1555	2108647	7.826599224595
1556	2108670	8.146169506902
1557	2108696	8.138415900955
1558	2108704	9.989327891591
1559	2108753	7.978327100740
1560	2108779	9.564821482257
1561	2108878	8.638776127648
1562	2108886	10.908161486096
1563	2108894	7.872870332591
1564	2108910	9.733512049059
1565	2108928	8.043491957670
1566	2108944	13.330566057289
1567	2108985	14.043217089110
1568	2109025	9.127136004132
1569	2109033	8.291929557158
1570	2109116	7.822028607297
1571	2109140	12.785660060703
1572	2109207	8.152099006787
1573	2109280	7.822952648167
1574	2109298	27.105376555390
1575	2109348	8.047619815884
1576	2109363	8.119732679664
1577	2109454	8.202213571569
1578	2109520	8.962077448880
1579	2109553	7.873309456210
1580	2109645	8.042446116785
1581	2109686	8.229865963443
1582	2109769	11.995446687119
1583	2109850	7.929166624474
1584	2109959	7.874714179758
1585	2109991	7.937288116247
1586	2110007	9.048911746657
1587	2110015	7.822478973475
1588	2110023	7.983464749264
1589	2110031	15.413389690707
1590	2110049	7.983245371218
1591	2110056	10.362336933719
1592	2110098	9.245084382318
1593	2110106	7.821380262578
1594	2110122	7.821540797616
1595	2110155	9.310157087254
1596	2110171	9.567530365501
1597	2110189	7.939325180859
1598	2110379	7.929038835239
1599	2110411	11.509879975991
1600	2110460	14.695125581528
1601	2110478	8.653063037080
1602	2110544	7.877838436704
1603	2110577	11.695244646116
1604	2110593	8.466676162014
1605	2110601	8.318322035984
1606	2110635	9.257817860130
1607	2110650	7.928585596872
1608	2110692	8.901935805543
1609	2110775	11.858018941243
1610	2110833	7.823199381787
1611	2110841	7.931528455454
1612	2110858	9.188940179661
1613	2110866	7.980378413349
1614	2110890	8.113121868725
1615	2110940	8.297089124087
1616	2110965	8.522766163527
1617	2110999	8.036746182234
1618	2111203	9.826233680943
1619	2111229	8.419644411613
1620	2111252	7.824635923926
1621	2111310	13.702057895686
1622	2111385	8.475811338647
1623	2111427	13.314532566171
1624	2111435	8.848838709628
1625	2111609	9.478287525622
1626	2111633	10.024769854573
1627	2111674	12.111103333704
1628	2111732	7.877625463739
1629	2111765	11.720270741542
1630	2111815	8.558410612090
1631	2111856	8.036772210745
1632	2111872	8.092224897332
1633	2111922	13.042824719729
1634	2111955	8.312857890850
1635	2112060	8.762060090417
1636	2112151	9.522963371415
1637	2112193	8.146589643950
1638	2112235	14.338349154405
1639	2112409	10.039645452997
1640	2112417	29.853709823332
1641	2112425	7.983571995342
1642	2112441	7.878232347141
1643	2112482	11.395186955247
1644	2112516	13.639398266239
1645	2112615	8.157369470490
1646	2112904	15.497242853652
1647	2113043	8.156927536314
1648	2113092	7.821791122299
1649	2113142	7.825299230229
1650	2113233	11.355580111843
1651	2113241	9.172940485175
1652	2113290	7.873264915646
1653	2113340	10.737218613445
1654	2113449	7.960492175666
1655	2113456	7.824206589022
1656	2113464	8.213290168477
1657	2113472	16.976323198956
1658	2113555	8.037561499409
1659	2113571	9.764054365042
1660	2113613	10.957399712910
1661	2113639	7.876272830546
1662	2113647	8.032093956064
1663	2113696	7.874945604542
1664	2113712	15.860911177886
1665	2113753	10.534638465561
1666	2113779	14.063767989749
1667	2113837	8.411858323666
1668	2113852	7.874941332637
1669	2113951	11.845855607111
1670	2114017	8.268590563295
1671	2114025	14.893763797527
1672	2114041	9.463366147860
1673	2114074	14.284568623048
1674	2114157	8.912228533482
1675	2114207	11.807179855738
1676	2114215	8.550592634258
1677	2114231	9.403167462150
1678	2114280	8.148388160536
1679	2114314	8.771611422854
1680	2114348	18.956452653310
1681	2114371	9.336648325663
1682	2114454	7.977737339977
1683	2114462	8.192398617865
1684	2114496	9.143502472832
1685	2114579	8.037823881712
1686	2114736	9.816663418657
1687	2114819	11.201797046069
1688	2114892	9.947993171645
1689	2114918	7.928636559473
1690	2114942	15.391421577463
1691	2114975	8.004213508712
1692	2115006	8.552762103798
1693	2115154	7.826270673818
1694	2115170	8.039547904053
1695	2115188	10.291527315056
1696	2115220	11.148487575563
1697	2115279	10.634004782458
1698	2115345	9.824157685908
1699	2115477	8.052887657165
1700	2115485	8.526495151143
1701	2115527	22.876256316272
1702	2115667	9.345698947143
1703	2115733	10.511219542116
1704	2115741	8.727703877621
1705	2115774	8.259029122939
1706	2115782	8.208798251641
1707	2115998	16.531221065870
1708	2116053	9.496708851509
1709	2116137	7.929092607731
1710	2116186	7.822902188861
1711	2116210	8.459739787009
1712	2116251	8.632536943888
1713	2116277	12.431467351359
1714	2116368	7.826378903088
1715	2116434	7.826889364686
1716	2116467	8.421425842257
1717	2116558	15.926306372558
1718	2116608	8.088082453958
1719	2116632	8.318522238881
1720	2116699	7.823407322383
1721	2116772	8.152444452973
1722	2116780	8.035343692364
1723	2116798	8.748729745903
1724	2116871	8.147438873806
1725	2116921	8.122999258248
1726	2116996	8.638809294897
1727	2117010	11.137136734729
1728	2117028	7.875446958492
1729	2117069	11.847301716367
1730	2117135	8.037781785842
1731	2117184	8.091850826169
1732	2117200	12.988817834388
1733	2117226	10.894828410220
1734	2117242	7.935706453246
1735	2117309	7.918336308397
1736	2117317	9.099691484132
1737	2117358	7.930805713393
1738	2117424	8.364595954174
1739	2117457	8.141491031573
1740	2117523	8.988744817594
1741	2117531	8.308828154567
1742	2117549	7.822208836555
1743	2117630	8.491590676855
1744	2117648	7.874700005825
1745	2117697	8.094103426428
1746	2117788	9.480476671545
1747	2117812	12.790477718222
1748	2117911	8.431692667811
1749	2117945	7.928265913192
1750	2118075	10.119702842076
1751	2118125	7.874604974947
1752	2118182	15.059519115771
1753	2118257	11.312256094798
1754	2118299	13.020550478805
1755	2118307	8.457659045110
1756	2118356	8.182108934162
1757	2118372	11.167622080927
1758	2118398	10.567587665226
1759	2118448	7.822081165637
1760	2118570	7.824799546617
1761	2118612	10.801963413931
1762	2118653	8.036946501202
1763	2118679	8.213741454474
1764	2118778	12.196522681772
1765	2118885	9.336030469228
1766	2118927	14.584770623500
1767	2118968	7.878986198790
1768	2119024	9.758832262901
1769	2119065	8.193909666764
1770	2119115	8.807321572290
1771	2119123	8.526671565550
1772	2119164	11.066676521498
1773	2119222	14.836879178436
1774	2119339	12.363567267194
1775	2119347	7.823895137239
1776	2119362	8.522250791249
1777	2119404	7.879356555800
1778	2119446	12.498825931878
1779	2119461	8.115444220850
1780	2119479	8.401045455532
1781	2119552	7.932616379656
1782	2119560	9.019241216599
1783	2119578	8.036664294650
1784	2119594	20.107049931284
1785	2119677	8.296193743412
1786	2119693	10.447379504645
1787	2119735	8.417552674171
1788	2119834	8.037858568517
1789	2119875	8.455360210241
1790	2120071	8.091580040750
1791	2120089	19.775202554285
1792	2120196	7.871599752211
1793	2120238	9.762374935884
1794	2120261	20.720921610178
1795	2120329	8.252120974413
1796	2120378	14.114360684278
1797	2120436	8.735032309879
1798	2120444	9.526473163577
1799	2120451	9.373292316849
1800	2120485	8.200599828954
1801	2120543	7.874678030280
1802	2120618	8.585276199637
1803	2120675	8.472818370888
1804	2120691	8.148746115655
1805	2120816	11.574822307997
1806	2120840	8.931591242836
1807	2120857	8.414455834678
1808	2120956	8.475010386538
1809	2120964	8.422945022901
1810	2121095	8.566844687612
1811	2121178	8.495414012797
1812	2121228	7.928078790179
1813	2121251	7.828182399988
1814	2121277	9.474214369544
1815	2121327	7.834065655757
1816	2121384	7.824380491892
1817	2121400	12.109674896923
1818	2121418	19.991511565332
1819	2121533	11.635211029067
1820	2121582	10.562743141622
1821	2121590	8.828714188960
1822	2121624	7.874509419772
1823	2121749	8.941475554543
1824	2121855	8.559686598173
1825	2121871	8.157811855353
1826	2121905	8.998757725265
1827	2121947	10.073638731569
1828	2122010	7.984437937376
1829	2122077	7.877114763056
1830	2122101	8.358786599240
1831	2122200	7.832044570719
1832	2122242	8.580173160321
1833	2122291	7.821651516207
1834	2122366	14.128229142817
1835	2122374	16.568210995805
1836	2122465	9.395624818932
1837	2122481	12.298229152277
1838	2122515	8.148756975789
1839	2122564	9.763593109517
1840	2122622	7.997435674614
1841	2122655	10.047277205952
1842	2122705	11.139868082076
1843	2122788	8.941508565135
1844	2122804	13.079343145522
1845	2122838	8.672369789198
1846	2122929	12.070071922350
1847	2123000	11.436001232312
1848	2123034	7.949261096480
1849	2123067	8.373194593535
1850	2123091	11.216272562716
1851	2123133	8.069718791860
1852	2123158	9.130251538146
1853	2123257	9.945390565119
1854	2123356	10.458507607901
1855	2123422	7.983081358536
1856	2123463	11.066891809594
1857	2123471	9.881646012436
1858	2123513	7.947186613860
1859	2123554	9.607104249137
1860	2123596	7.982616030729
1861	2123695	8.685164421639
1862	2123844	7.874834678666
1863	2123885	10.012659614304
1864	2123919	8.352734493162
1865	2123968	15.734498574538
1866	2124040	7.872635544711
1867	2124073	18.110835711318
1868	2124099	8.638743803917
1869	2124115	8.558571093440
1870	2124156	9.054198227026
1871	2124198	11.743461605037
1872	2124214	7.874853928962
1873	2124248	10.067256296726
1874	2124305	9.026469830277
1875	2124321	8.092468462432
1876	2124388	27.180724630029
1877	2124404	8.037739021404
1878	2124412	9.479026384841
1879	2124511	11.991912761791
1880	2124545	18.304096524951
1881	2124701	10.112047630036
1882	2124750	15.645446498408
1883	2124768	8.309365527726
1884	2124818	13.715178238380
1885	2124909	26.003727042981
1886	2124941	11.860288959393
1887	2124966	8.289859481653
1888	2125047	18.333423541133
1889	2125203	14.525661042957
1890	2125385	7.874976704336
1891	2125401	8.294559008013
1892	2125419	9.082322792666
1893	2125427	12.389691517712
1894	2125443	9.753717773244
1895	2125609	8.362897476434
1896	2125617	7.874473996358
1897	2125633	17.634937866578
1898	2125658	11.194189273881
1899	2125948	8.048757658843
1900	2125963	7.962874730503
1901	2126078	8.028505710821
1902	2126102	11.086644792041
1903	2126136	8.881396405242
1904	2126243	12.243158657227
1905	2126276	7.821003103551
1906	2126292	8.891160223695
1907	2126458	8.035570079552
1908	2126466	13.056258126363
1909	2126474	8.524245743172
1910	2126490	8.269442018639
1911	2126508	11.921707521781
1912	2126532	17.254713352035
1913	2126565	7.887933624686
1914	2126581	7.823683681058
1915	2126706	7.929737951902
1916	2126722	8.665004588951
1917	2126755	8.994447485120
1918	2126771	8.265676927821
1919	2126789	7.823509525571
1920	2126847	8.727002247546
1921	2126888	7.871922107169
1922	2126912	8.090735168656
1923	2126946	9.809766459401
1924	2127019	7.876250688647
1925	2127035	8.008011980046
1926	2127050	8.809412423935
1927	2127076	8.098416915152
1928	2127100	7.938229570341
1929	2127167	8.344412031289
1930	2127175	8.650075170436
1931	2127217	13.088304869858
1932	2127290	7.821972464670
1933	2127308	8.535954895959
1934	2127407	22.849923834160
1935	2127498	9.635612811746
1936	2127548	8.524518357392
1937	2127571	9.585221382511
1938	2127597	8.526755975393
1939	2127605	11.706966409895
1940	2127621	8.965224919906
1941	2127761	8.037156022848
1942	2127803	8.745484841042
1943	2127928	10.874133994506
1944	2127936	9.413880784422
1945	2128116	8.466971836662
1946	2128215	8.474207097081
1947	2128231	9.124290646364
1948	2128280	7.894649274154
1949	2128330	8.475010000518
1950	2128348	8.582380359689
1951	2128389	8.204520513292
1952	2128447	9.892234848238
1953	2128546	7.929164218906
1954	2128553	8.144155783196
1955	2128561	8.076065213839
1956	2128595	8.607562687498
1957	2128769	7.881433083605
1958	2128827	7.927964060571
1959	2128850	9.405470432043
1960	2128884	12.938588015737
1961	2128900	8.141282243100
1962	2128959	9.951413940294
1963	2129031	14.316061334095
1964	2129064	8.580894259230
1965	2129080	15.778760120548
1966	2129098	7.978203939659
1967	2129163	8.209748431635
1968	2129197	10.045790816126
1969	2129239	7.990809397408
1970	2129296	9.645836802889
1971	2129361	11.030639431292
1972	2129379	8.845204398127
1973	2129429	8.353868797302
1974	2129445	7.823187784932
1975	2129494	8.032376985528
1976	2129528	17.648908884457
1977	2129551	7.874929058345
1978	2129726	8.270785573823
1979	2129734	9.863368777506
1980	2129767	14.362873032352
1981	2129817	11.560796814562
1982	2129833	8.475952561506
1983	2129874	8.345903202736
1984	2129940	10.159495529352
1985	2130039	7.855884207371
1986	2130161	8.033069008228
1987	2130229	7.935014298327
1988	2130237	7.880508696909
1989	2130278	8.093440727659
1990	2130344	9.439023878299
1991	2130351	14.649287220645
1992	2130377	11.293378545650
1993	2130419	7.822035255559
1994	2130583	25.863121289974
1995	2130591	7.821457460784
1996	2130641	9.419761751476
1997	2130807	10.609692195530
1998	2130849	8.416720230973
1999	2130856	10.920796539558
2000	2130914	8.180946691251
2001	2130948	12.239172467209
2002	2131136	9.609693822585
2003	2131144	8.350414972855
2004	2131250	12.260702889171
2005	2131326	8.967800838907
2006	2131391	7.985082103939
2007	2131466	9.818519249165
2008	2131508	13.784024354303
2009	2131516	8.694773166759
2010	2131557	7.929273184743
2011	2131664	7.983242504941
2012	2131730	8.556810366435
2013	2131813	9.498979667971
2014	2131821	12.504323833772
2015	2131862	7.873722059890
2016	2131870	8.423829975701
2017	2131896	8.717787984346
2018	2131912	7.924821749624
2019	2131938	7.828521867195
2020	2131979	8.037488188824
2021	2131995	7.820977275130
2022	2132019	12.137623052418
2023	2132043	8.940374540732
2024	2132068	8.030560979879
2025	2132290	30.142917722356
2026	2132316	9.614950738549
2027	2132340	8.942947987592
2028	2132365	8.452208765814
2029	2132472	8.092209455638
2030	2132506	8.165027785630
2031	2132555	8.355643639261
2032	2132787	8.636401943169
2033	2132803	7.873227070213
2034	2132845	7.821115769458
2035	2132852	10.857443813115
2036	2132928	8.927635693047
2037	2132936	7.822103004549
2038	2133033	9.142390752715
2039	2133058	7.824905637498
2040	2133066	8.591289715449
2041	2133108	8.570565815975
2042	2133173	7.874748220445
2043	2133207	14.467934017901
2044	2133231	12.001758925886
2045	2133272	12.970562994833
2046	2133298	7.928921226002
2047	2133330	9.879634489351
2048	2133413	31.955813753259
2049	2133447	7.929295089717
2050	2133496	16.543518595503
2051	2133504	8.368728688461
2052	2133546	8.589199329712
2053	2133579	8.309768602994
2054	2133611	9.357170220433
2055	2133645	10.167523678851
2056	2133660	7.986607109768
2057	2133983	7.828435735002
2058	2134023	15.567562648975
2059	2134122	12.852780066982
2060	2134130	8.685733368160
2061	2134213	8.458766888258
2062	2134254	7.929011638495
2063	2134262	10.630590657961
2064	2134288	16.951346620896
2065	2134452	7.988261189942
2066	2134478	8.306170972791
2067	2134577	8.520084872705
2068	2134643	8.624727673520
2069	2134676	11.738545199252
2070	2134742	7.830559807711
2071	2134767	7.822339046174
2072	2134874	9.891508647427
2073	2135186	7.932745736841
2074	2135244	9.747591917863
2075	2135251	8.093975603012
2076	2135301	13.910992217092
2077	2135384	14.278401277019
2078	2135392	9.776066903823
2079	2135434	7.929210952625
2080	2135442	8.017716716940
2081	2135608	8.555768394305
2082	2135640	8.307856029978
2083	2135681	9.245105148761
2084	2135756	8.857961150996
2085	2135848	8.474671937718
2086	2135889	8.337879771450
2087	2135970	7.874112364171
2088	2135996	8.530645509681
2089	2136069	7.945229665463
2090	2136143	7.829194790595
2091	2136150	10.600241390482
2092	2136242	7.983919402422
2093	2136341	7.928699704902
2094	2136531	18.108307672974
2095	2136572	12.982870024339
2096	2136598	7.927678454103
2097	2136606	8.647369398521
2098	2136697	10.051842116472
2099	2136705	7.823176933780
2100	2136770	8.543485275072
2101	2136796	8.426423749597
2102	2136804	7.832689891663
2103	2136812	7.928364983856
2104	2136820	8.040469510119
2105	2136937	8.039765886984
2106	2136960	7.983949460335
2107	2137067	7.826185000950
2108	2137216	8.506296962959
2109	2137281	7.874712270387
2110	2137299	9.468543960881
2111	2137331	8.626118293976
2112	2137349	7.929095930501
2113	2137380	8.761496649821
2114	2137513	7.881732421724
2115	2137539	8.905774876736
2116	2137687	11.062381840212
2117	2137745	10.857811700066
2118	2137760	10.848485821676
2119	2137885	9.076753908226
2120	2137935	8.076329235656
2121	2138024	7.984204981959
2122	2138149	12.235740628625
2123	2138206	9.094464811661
2124	2138487	8.945864669975
2125	2138685	8.745264869164
2126	2138743	8.870660526390
2127	2138776	9.134574513100
2128	2138800	9.740886067776
2129	2138842	8.261582393465
2130	2138966	12.942856947095
2131	2139022	8.658943033639
2132	2139113	8.611822430821
2133	2139121	7.824686939195
2134	2139139	8.190070285538
2135	2139162	7.834739626478
2136	2139220	8.027773274398
2137	2139287	13.164163714971
2138	2139345	8.760189966273
2139	2139535	8.102949658994
2140	2139543	7.991547458396
2141	2139626	9.493843878429
2142	2139717	9.570907901710
2143	2139766	12.694337422539
2144	2139774	12.783351097477
2145	2139964	8.697014664398
2146	2140004	9.845147269203
2147	2140046	8.361116055715
2148	2140095	24.553162939749
2149	2140103	8.092222248482
2150	2140277	7.928656155951
2151	2140467	8.742192790573
2152	2140483	8.714155761600
2153	2140558	8.686796942892
2154	2140566	8.159797090046
2155	2140798	11.552370253243
2156	2140905	7.987688284159
2157	2140988	7.822176677518
2158	2141002	13.173681720979
2159	2141044	7.929323190834
2160	2141085	7.821217390748
2161	2141200	8.378394807400
2162	2141283	8.201075765596
2163	2141317	8.786311935778
2164	2141341	9.094743754425
2165	2141440	8.305053042285
2166	2141457	8.914120016850
2167	2141473	8.426703994676
2168	2141507	8.271463452036
2169	2141523	9.735767609409
2170	2141549	10.069912385815
2171	2141812	9.467135453940
2172	2141846	7.929006494788
2173	2141861	9.967835056639
2174	2141879	7.874254923363
2175	2141960	7.874907379095
2176	2142018	8.701727567155
2177	2142240	8.638782904084
2178	2142414	7.874324362849
2179	2142430	8.997822101443
2180	2142513	7.874670753615
2181	2142554	9.185572027922
2182	2142604	8.255061656022
2183	2142703	8.092503716297
2184	2142794	8.895680653411
2185	2142885	10.636663230797
2186	2142919	7.928236776857
2187	2142943	8.921828827679
2188	2142976	12.285685994280
2189	2142992	8.568046547267
2190	2143040	8.389853445701
2191	2143180	16.294812542918
2192	2143230	8.245024560551
2193	2143271	10.340488908426
2194	2143305	8.698962219710
2195	2143396	8.481610614067
2196	2143438	9.097387990844
2197	2143503	9.009744183252
2198	2143537	11.799400224098
2199	2143586	9.761513960497
2200	2143875	16.585742270286
2201	2144048	12.122909841519
2202	2144113	8.107385732127
2203	2144162	8.996613560403
2204	2144188	8.997235629988
2205	2144246	7.993880940668
2206	2144295	8.590509130823
2207	2144329	9.008640262377
2208	2144428	7.976829500439
2209	2144436	17.531017555166
2210	2144451	9.300332822786
2211	2144469	9.040362794656
2212	2144576	8.863823461308
2213	2144584	8.223236683706
2214	2144675	9.495677518872
2215	2144717	8.515930316957
2216	2144733	7.926029336395
2217	2144808	8.275513380162
2218	2144840	8.253576145918
2219	2144881	7.974786825636
2220	2145029	8.474650522134
2221	2145060	8.094848131766
2222	2145243	8.068396563658
2223	2145292	9.465309784883
2224	2145326	17.274702411890
2225	2145409	8.760564362813
2226	2145425	8.925223169487
2227	2145490	8.248741739273
2228	2145599	10.958921962645
2229	2145672	9.310944635821
2230	2145698	7.822183471326
2231	2145763	11.998765424274
2232	2145805	8.470024331409
2233	2145854	9.464981578012
2234	2146035	13.359530827838
2235	2146050	8.032113292148
2236	2146092	8.647613707186
2237	2146118	9.044044762989
2238	2146142	9.756329612975
2239	2146456	10.045889147637
2240	2146472	8.037519795163
2241	2146480	8.482264797810
2242	2146597	10.646755517922
2243	2146621	10.555340041248
2244	2146662	9.269607694454
2245	2146738	8.371682386604
2246	2146894	8.141937155425
2247	2147215	9.495690425935
2248	2147314	7.927385844688
2249	2147371	8.094645015298
2250	2147512	7.827379341198
2251	2147579	8.310850853236
2252	2147751	8.666713773498
2253	2147777	11.633276064065
2254	2147785	7.979734408613
2255	2147835	8.456285479724
2256	2147892	16.681090817220
2257	2147942	13.195308509804
2258	2147959	11.521080742060
2259	2147975	8.036775533567
2260	2147983	8.638690989532
2261	2147991	8.430546444684
2262	2148031	8.442438653065
2263	2148064	8.278488245475
2264	2148205	7.827454405279
2265	2148296	9.231600853117
2266	2148353	8.028657310440
2267	2148452	8.252986197423
2268	2148494	10.045036689172
2269	2148726	10.363777614060
2270	2148791	9.342321435208
2271	2148882	7.827881558877
2272	2148924	10.994525211654
2273	2149039	8.353676881088
2274	2149468	7.821925741674
2275	2149500	34.827232062099
2276	2149518	8.679735427214
2277	2149567	8.143055235892
2278	2149583	8.985933860373
2279	2149609	16.362757026838
2280	2149674	8.067643064679
2281	2149799	8.558088000699
2282	2149823	7.924764524863
2283	2149872	8.303412635054
2284	2149989	8.215284661803
2285	2150029	9.382279989887
2286	2150094	7.948199910762
2287	2150201	7.929300208438
2288	2150292	8.675061206256
2289	2150425	9.279416762838
2290	2150490	7.882915480599
2291	2150557	7.827826754724
2292	2150680	7.885902328690
2293	2150706	9.901215423737
2294	2150771	7.874218534093
2295	2150813	12.043337102416
2296	2150847	7.982675641671
2297	2150854	8.543987766523
2298	2150938	8.145388154389
2299	2151027	9.151667283040
2300	2151282	7.926000179503
2301	2151332	10.123573376922
2302	2151340	10.581245338524
2303	2151407	7.823848144502
2304	2151423	8.101196495049
2305	2151472	10.199337155242
2306	2151555	7.821511024949
2307	2151613	9.259285704827
2308	2151829	7.997575931620
2309	2151852	8.190095356247
2310	2152017	8.574951768617
2311	2152108	7.983800123175
2312	2152116	14.162514167279
2313	2152173	10.893566769712
2314	2152264	7.983828679348
2315	2152280	10.116960070809
2316	2152355	13.877905106465
2317	2152454	11.431695872628
2318	2152702	13.205709808137
2319	2152801	8.065845349696
2320	2152975	8.813299286403
2321	2152983	9.965467318722
2322	2153015	8.053912304178
2323	2153064	11.531609577148
2324	2153163	16.865298220417
2325	2153288	7.821049919683
2326	2153387	9.718563373015
2327	2153494	10.361177354734
2328	2153619	10.862115110508
2329	2153759	9.913975128479
2330	2153791	10.961197356683
2331	2153890	8.974559215760
2332	2154047	8.364993547047
2333	2154054	8.409882473329
2334	2154112	7.822270304843
2335	2154237	11.996524300926
2336	2154278	9.512967726030
2337	2154336	10.378517179958
2338	2154351	8.040511008732
2339	2154468	12.333452794033
2340	2154625	7.874633676978
2341	2154849	10.148685560070
2342	2154898	9.238957887730
2343	2154948	7.823135788035
2344	2155010	8.305787741823
2345	2155051	8.425499169831
2346	2155085	9.389957924483
2347	2155101	7.874805741039
2348	2155572	9.000515642539
2349	2155580	7.825256476308
2350	2155622	8.146483973156
2351	2155697	9.346416334657
2352	2155879	9.070371243549
2353	2155929	18.366269933616
2354	2156034	8.115475189347
2355	2156059	7.874716593425
2356	2156224	17.059656812431
2357	2156299	10.541073032083
2358	2156455	8.196368832853
2359	2156562	8.797170910332
2360	2156786	7.928749953697
2361	2156943	8.186097216788
2362	2157024	8.435827627785
2363	2157040	16.335981161841
2364	2157115	8.037332920909
2365	2157164	8.900934129863
2366	2157297	8.204148880468
2367	2157420	9.084337169697
2368	2157495	8.037192778291
2369	2157701	7.929094625795
2370	2157776	9.005845805023
2371	2157925	7.827362259565
2372	2158055	7.830376026394
2373	2158097	12.209800800738
2374	2158188	9.268734952768
2375	2158196	8.773805352696
2376	2158261	8.254954661467
2377	2158378	8.817494232194
2378	2158410	7.902464844525
2379	2158436	10.176218002173
2380	2158519	7.825496129624
2381	2158642	16.622846141107
2382	2158725	8.310057521070
2383	2158873	7.985546573253
2384	2159046	11.300971594510
2385	2159079	7.822439722903
2386	2159301	10.052320142047
2387	2159319	8.480527363680
2388	2159657	8.279114946581
2389	2159681	8.255171210534
2390	2159749	10.713280096507
2391	2159756	8.646128890491
2392	2159814	8.789381779613
2393	2159897	8.197109250633
2394	2160085	8.557564959622
2395	2160119	8.751618557018
2396	2160259	10.272675542847
2397	2160382	7.825754930167
2398	2160390	7.921813779197
2399	2160440	9.036371704975
2400	2160549	9.049863151101
2401	2160648	9.470921785737
2402	2160762	9.310962260203
2403	2160804	8.976946367666
2404	2161034	8.316858311779
2405	2161224	7.822406080307
2406	2161240	7.874750836590
2407	2161315	8.467109060803
2408	2161331	7.874725079026
2409	2161521	8.610156869194
2410	2161554	9.569117346116
2411	2161596	8.740471922437
2412	2161885	11.365331039561
2413	2162065	10.493510947148
2414	2162115	12.706329668140
2415	2162172	8.362859323894
2416	2162206	9.275630975228
2417	2162313	12.582648033786
2418	2162479	8.354063433566
2419	2162537	8.320288027254
2420	2162545	9.657934516164
2421	2162560	8.867076537441
2422	2162669	8.536225514465
2423	2162685	20.126011988086
2424	2162750	10.115068655081
2425	2162891	8.037526259416
2426	2163071	9.599604979311
2427	2163170	10.606118261691
2428	2163188	8.859585330109
2429	2163246	7.982618459098
2430	2163253	7.821633250738
2431	2163394	8.003223353091
2432	2163477	7.821781262805
2433	2163725	9.627613500535
2434	2163758	7.928489331937
2435	2163766	7.929308945822
2436	2163964	7.874045822646
2437	2164038	7.984648359931
2438	2164087	8.829887938518
2439	2164319	8.829462753264
2440	2164392	8.467554500080
2441	2164632	10.304321405858
2442	2164756	11.227606233060
2443	2164764	8.049243010903
2444	2164830	10.489457981817
2445	2164863	8.559293035552
2446	2164996	7.924803686213
2447	2165118	8.036403543345
2448	2165209	7.821476761718
2449	2165332	11.536040843211
2450	2165423	7.873046757509
2451	2165464	7.874601378941
2452	2165688	7.929432935444
2453	2165746	25.728774296907
2454	2165779	11.968837482023
2455	2165837	8.144960515142
2456	2165860	7.875941204957
2457	2165951	8.151261930749
2458	2166009	9.112287592359
2459	2166066	8.387223010631
2460	2166124	7.874585546713
2461	2166165	9.248879701813
2462	2166181	9.331468089691
2463	2166223	10.777099444772
2464	2166272	8.840815723225
2465	2166389	7.824972245280
2466	2166546	8.510892867302
2467	2166629	8.365377763948
2468	2166868	8.783174103836
2469	2166884	9.072120569372
2470	2166934	13.533840975647
2471	2166959	8.299034371415
2472	2167023	8.168645785549
2473	2167122	10.813653932282
2474	2167221	8.364496399404
2475	2167320	8.301049314621
2476	2167452	7.929790521371
2477	2167502	9.056104358715
2478	2167726	7.942056920514
2479	2167791	9.149817185977
2480	2167817	9.434229196556
2481	2167825	10.282931643565
2482	2168005	8.491707126892
2483	2168013	8.951347822069
2484	2168245	7.976591797504
2485	2168286	7.874798233869
2486	2168377	8.475772526005
2487	2168443	10.792357708158
2488	2168542	7.875051816757
2489	2168740	8.573952539380
2490	2168765	8.833541244768
2491	2168815	8.050585370313
2492	2168823	7.821471664832
2493	2168898	7.981732568666
2494	2168922	7.825212880224
2495	2169128	10.803621707547
2496	2169136	7.876196990550
2497	2169219	11.860973831474
2498	2169250	10.629538031029
2499	2169268	13.453908806567
2500	2169292	7.874407560137
2501	2169789	8.365703022694
2502	2169821	8.309171578725
2503	2169896	9.293603453094
2504	2169938	8.052936899841
2505	2169946	8.147041573418
2506	2170035	8.289551230486
2507	2170100	11.077382849762
2508	2170183	7.983848235039
2509	2170472	7.993094489127
2510	2170639	8.637392224254
2511	1100255	7.820787416920
2512	1101543	7.820787416920
2513	1103770	7.820787416920
2514	1113514	7.820787416920
2515	1114652	7.820787416920
2516	1115089	7.820787416920
2517	1115667	7.820787416920
2518	1128629	7.820787416920
2519	1133140	7.820787416920
2520	1133587	7.820787416920
2521	1134130	7.820787416920
2522	1136044	7.820787416920
2523	1136184	7.820787416920
2524	1139568	7.820787416920
2525	1140590	7.820787416920
2526	1145292	7.820787416920
2527	1152694	7.820787416920
2528	1155531	7.820787416920
2529	1155689	7.820787416920
2530	2102046	7.820787416920
2531	2104190	7.820787416920
2532	2109835	7.820787416920
2533	2114744	7.820787416920
2534	2121459	7.820787416920
2535	2133132	7.820787416920
2536	2137596	7.820787416920
2537	2142950	7.820787416920
2538	2144824	7.820787416920
2539	2147538	7.820787416920
2540	2151779	7.820787416920
2541	2151944	7.820787416920
2542	2152256	7.820787416920
2543	2155333	7.820787416920
2544	2167171	7.820787416920
2545	1101410	7.820787416920
2546	1101899	7.820787416920
2547	1111567	7.820787416920
2548	1115097	7.820787416920
2549	1118109	7.820787416920
2550	1123562	7.820787416920
2551	1123679	7.820787416920
2552	1124883	7.820787416920
2553	1125757	7.820787416920
2554	1126185	7.820787416920
2555	1126706	7.820787416920
2556	1128785	7.820787416920
2557	1129403	7.820787416920
2558	1135558	7.820787416920
2559	1136127	7.820787416920
2560	1137968	7.820787416920
2561	1145979	7.820787416920
2562	1147025	7.820787416920
2563	1148833	7.820787416920
2564	1151050	7.820787416920
2565	1151340	7.820787416920
2566	1155747	7.820787416920
2567	2101154	7.820787416920
2568	2106690	7.820787416920
2569	2107961	7.820787416920
2570	2107987	7.820787416920
2571	2108498	7.820787416920
2572	2109066	7.820787416920
2573	2109512	7.820787416920
2574	2111013	7.820787416920
2575	2111708	7.820787416920
2576	2112037	7.820787416920
2577	2114512	7.820787416920
2578	2118869	7.820787416920
2579	2119255	7.820787416920
2580	2120253	7.820787416920
2581	2121699	7.820787416920
2582	2122903	7.820787416920
2583	2126482	7.820787416920
2584	2129544	7.820787416920
2585	2130260	7.820787416920
2586	2135772	7.820787416920
2587	2136077	7.820787416920
2588	2136549	7.820787416920
2589	2138198	7.820787416920
2590	2139907	7.820787416920
2591	2141630	7.820787416920
2592	2144105	7.820787416920
2593	2149054	7.820787416920
2594	2160325	7.820787416920
2595	2162552	7.820787416920
2596	2162792	7.820787416920
2597	2167759	7.820787416920
2598	2169623	7.820787416920
