0	1100032	24.000000000000
1	1100131	24.000000000000
2	1100172	24.000000000000
3	1100180	24.000000000000
4	1100289	24.000000000000
5	1100313	24.000000000000
6	1100339	24.000000000000
7	1100354	24.000000000000
8	1100404	24.000000000000
9	1100487	24.000000000000
10	1100578	24.000000000000
11	1100586	24.000000000000
12	1100602	24.000000000000
13	1100628	24.000000000000
14	1100644	24.000000000000
15	1100677	24.000000000000
16	1100701	24.000000000000
17	1100719	24.000000000000
18	1100735	24.000000000000
19	1100750	24.000000000000
20	1100792	24.000000000000
21	1100818	24.000000000000
22	1100875	24.000000000000
23	1100883	24.000000000000
24	1100966	24.000000000000
25	1101014	24.000000000000
26	1101022	24.000000000000
27	1101048	24.000000000000
28	1101097	24.000000000000
29	1101204	24.000000000000
30	1101220	24.000000000000
31	1101261	24.000000000000
32	1101311	24.000000000000
33	1101378	24.000000000000
34	1101402	24.000000000000
35	1101444	24.000000000000
36	1101485	24.000000000000
37	1101519	24.000000000000
38	1101568	24.000000000000
39	1101618	24.000000000000
40	1101675	24.000000000000
41	1101683	24.000000000000
42	1101758	24.000000000000
43	1101790	24.000000000000
44	1101824	24.000000000000
45	1101832	24.000000000000
46	1101865	24.000000000000
47	1101949	24.000000000000
48	1102046	24.000000000000
49	1102053	24.000000000000
50	1102079	24.000000000000
51	1102129	24.000000000000
52	1102152	24.000000000000
53	1102186	24.000000000000
54	1102236	24.000000000000
55	1102244	24.000000000000
56	1102293	24.000000000000
57	1102301	24.000000000000
58	1102327	24.000000000000
59	1102392	24.000000000000
60	1102418	24.000000000000
61	1102426	24.000000000000
62	1102459	24.000000000000
63	1102483	24.000000000000
64	1102491	24.000000000000
65	1102533	24.000000000000
66	1102541	24.000000000000
67	1102673	24.000000000000
68	1102699	24.000000000000
69	1102715	24.000000000000
70	1102780	24.000000000000
71	1102806	24.000000000000
72	1102822	24.000000000000
73	1102863	24.000000000000
74	1102947	24.000000000000
75	1102988	24.000000000000
76	1102996	24.000000000000
77	1103010	24.000000000000
78	1103028	24.000000000000
79	1103051	24.000000000000
80	1103101	24.000000000000
81	1103259	24.000000000000
82	1103283	24.000000000000
83	1103309	24.000000000000
84	1103341	24.000000000000
85	1103390	24.000000000000
86	1103408	24.000000000000
87	1103473	24.000000000000
88	1103481	24.000000000000
89	1103499	24.000000000000
90	1103515	24.000000000000
91	1103564	24.000000000000
92	1103614	24.000000000000
93	1103648	24.000000000000
94	1103671	24.000000000000
95	1103705	24.000000000000
96	1103739	24.000000000000
97	1103754	24.000000000000
98	1103762	24.000000000000
99	1103804	24.000000000000
100	1103838	24.000000000000
101	1103879	24.000000000000
102	1103911	24.000000000000
103	1103929	24.000000000000
104	1103986	24.000000000000
105	1104000	24.000000000000
106	1104059	24.000000000000
107	1104075	24.000000000000
108	1104091	24.000000000000
109	1104174	24.000000000000
110	1104208	24.000000000000
111	1104273	24.000000000000
112	1104307	24.000000000000
113	1104323	24.000000000000
114	1104331	24.000000000000
115	1104349	24.000000000000
116	1104380	24.000000000000
117	1104398	24.000000000000
118	1104430	24.000000000000
119	1104463	24.000000000000
120	1104497	24.000000000000
121	1104505	24.000000000000
122	1104513	24.000000000000
123	1104547	24.000000000000
124	1104562	24.000000000000
125	1104570	24.000000000000
126	1104752	24.000000000000
127	1104786	24.000000000000
128	1104836	24.000000000000
129	1104877	24.000000000000
130	1104901	24.000000000000
131	1105007	24.000000000000
132	1105064	24.000000000000
133	1105098	24.000000000000
134	1105270	24.000000000000
135	1105304	24.000000000000
136	1105320	24.000000000000
137	1105437	24.000000000000
138	1105494	24.000000000000
139	1105544	24.000000000000
140	1105569	24.000000000000
141	1105627	24.000000000000
142	1105643	24.000000000000
143	1105676	24.000000000000
144	1105718	24.000000000000
145	1105759	24.000000000000
146	1105767	24.000000000000
147	1105775	24.000000000000
148	1105809	24.000000000000
149	1105817	24.000000000000
150	1105825	24.000000000000
151	1105866	24.000000000000
152	1105924	24.000000000000
153	1105981	24.000000000000
154	1106005	24.000000000000
155	1106021	24.000000000000
156	1106039	24.000000000000
157	1106047	24.000000000000
158	1106062	24.000000000000
159	1106070	24.000000000000
160	1106104	24.000000000000
161	1106112	24.000000000000
162	1106120	24.000000000000
163	1106138	24.000000000000
164	1106161	24.000000000000
165	1106187	24.000000000000
166	1106195	24.000000000000
167	1106245	24.000000000000
168	1106328	24.000000000000
169	1106351	24.000000000000
170	1106385	24.000000000000
171	1106393	24.000000000000
172	1106450	24.000000000000
173	1106500	24.000000000000
174	1106518	24.000000000000
175	1106526	24.000000000000
176	1106633	24.000000000000
177	1106641	24.000000000000
178	1106658	24.000000000000
179	1106690	24.000000000000
180	1106708	24.000000000000
181	1106724	24.000000000000
182	1106732	24.000000000000
183	1106799	24.000000000000
184	1106807	24.000000000000
185	1106856	24.000000000000
186	1106880	24.000000000000
187	1106898	24.000000000000
188	1106906	24.000000000000
189	1106922	24.000000000000
190	1106930	24.000000000000
191	1106955	24.000000000000
192	1106963	24.000000000000
193	1107045	24.000000000000
194	1107078	24.000000000000
195	1107102	24.000000000000
196	1107136	24.000000000000
197	1107227	24.000000000000
198	1107342	24.000000000000
199	1107490	24.000000000000
200	1107524	24.000000000000
201	1107573	24.000000000000
202	1107581	24.000000000000
203	1107649	24.000000000000
204	1107722	24.000000000000
205	1107839	24.000000000000
206	1107912	24.000000000000
207	1107946	24.000000000000
208	1108043	24.000000000000
209	1108076	24.000000000000
210	1108084	24.000000000000
211	1108126	24.000000000000
212	1108134	24.000000000000
213	1108159	24.000000000000
214	1108167	24.000000000000
215	1108191	24.000000000000
216	1108217	24.000000000000
217	1108290	24.000000000000
218	1108407	24.000000000000
219	1108514	24.000000000000
220	1108555	24.000000000000
221	1108563	24.000000000000
222	1108597	24.000000000000
223	1108696	24.000000000000
224	1108712	24.000000000000
225	1108720	24.000000000000
226	1108951	24.000000000000
227	1108969	24.000000000000
228	1108993	24.000000000000
229	1109017	24.000000000000
230	1109066	24.000000000000
231	1109157	24.000000000000
232	1109165	24.000000000000
233	1109181	24.000000000000
234	1109215	24.000000000000
235	1109231	24.000000000000
236	1109264	24.000000000000
237	1109298	24.000000000000
238	1109330	24.000000000000
239	1109355	24.000000000000
240	1109413	24.000000000000
241	1109439	24.000000000000
242	1109447	24.000000000000
243	1109538	24.000000000000
244	1109546	24.000000000000
245	1109579	24.000000000000
246	1109686	24.000000000000
247	1109777	24.000000000000
248	1109835	24.000000000000
249	1109850	24.000000000000
250	1109868	24.000000000000
251	1109876	24.000000000000
252	1110015	24.000000000000
253	1110049	24.000000000000
254	1110064	24.000000000000
255	1110098	24.000000000000
256	1110114	24.000000000000
257	1110122	24.000000000000
258	1110163	24.000000000000
259	1110171	24.000000000000
260	1110197	24.000000000000
261	1110247	24.000000000000
262	1110320	24.000000000000
263	1110387	24.000000000000
264	1110486	24.000000000000
265	1110510	24.000000000000
266	1110528	24.000000000000
267	1110544	24.000000000000
268	1110585	24.000000000000
269	1110593	24.000000000000
270	1110650	24.000000000000
271	1110718	24.000000000000
272	1110767	24.000000000000
273	1110791	24.000000000000
274	1110833	24.000000000000
275	1110841	24.000000000000
276	1110874	24.000000000000
277	1110916	24.000000000000
278	1110973	24.000000000000
279	1110981	24.000000000000
280	1111039	24.000000000000
281	1111047	24.000000000000
282	1111138	24.000000000000
283	1111211	24.000000000000
284	1111229	24.000000000000
285	1111237	24.000000000000
286	1111245	24.000000000000
287	1111336	24.000000000000
288	1111351	24.000000000000
289	1111435	24.000000000000
290	1111476	24.000000000000
291	1111492	24.000000000000
292	1111500	24.000000000000
293	1111526	24.000000000000
294	1111617	24.000000000000
295	1111690	24.000000000000
296	1111732	24.000000000000
297	1111740	24.000000000000
298	1111757	24.000000000000
299	1111765	24.000000000000
300	1111831	24.000000000000
301	1111856	24.000000000000
302	1111880	24.000000000000
303	1111914	24.000000000000
304	1111963	24.000000000000
305	1112052	24.000000000000
306	1112078	24.000000000000
307	1112086	24.000000000000
308	1112128	24.000000000000
309	1112185	24.000000000000
310	1112193	24.000000000000
311	1112300	24.000000000000
312	1112383	24.000000000000
313	1112482	24.000000000000
314	1112490	24.000000000000
315	1112508	24.000000000000
316	1112557	24.000000000000
317	1112573	24.000000000000
318	1112615	24.000000000000
319	1112623	24.000000000000
320	1112664	24.000000000000
321	1112698	24.000000000000
322	1112706	24.000000000000
323	1112730	24.000000000000
324	1112748	24.000000000000
325	1112755	24.000000000000
326	1112813	24.000000000000
327	1112888	24.000000000000
328	1112938	24.000000000000
329	1112946	24.000000000000
330	1113043	24.000000000000
331	1113126	24.000000000000
332	1113134	24.000000000000
333	1113142	24.000000000000
334	1113183	24.000000000000
335	1113209	24.000000000000
336	1113217	24.000000000000
337	1113225	24.000000000000
338	1113290	24.000000000000
339	1113357	24.000000000000
340	1113381	24.000000000000
341	1113456	24.000000000000
342	1113472	24.000000000000
343	1113498	24.000000000000
344	1113522	24.000000000000
345	1113563	24.000000000000
346	1113746	24.000000000000
347	1113753	24.000000000000
348	1113803	24.000000000000
349	1113852	24.000000000000
350	1113860	24.000000000000
351	1113936	24.000000000000
352	1114017	24.000000000000
353	1114058	24.000000000000
354	1114090	24.000000000000
355	1114132	24.000000000000
356	1114140	24.000000000000
357	1114173	24.000000000000
358	1114181	24.000000000000
359	1114256	24.000000000000
360	1114264	24.000000000000
361	1114280	24.000000000000
362	1114298	24.000000000000
363	1114322	24.000000000000
364	1114330	24.000000000000
365	1114348	24.000000000000
366	1114405	24.000000000000
367	1114421	24.000000000000
368	1114447	24.000000000000
369	1114454	24.000000000000
370	1114520	24.000000000000
371	1114546	24.000000000000
372	1114561	24.000000000000
373	1114587	24.000000000000
374	1114611	24.000000000000
375	1114637	24.000000000000
376	1114694	24.000000000000
377	1114710	24.000000000000
378	1114736	24.000000000000
379	1114751	24.000000000000
380	1114785	24.000000000000
381	1114801	24.000000000000
382	1114827	24.000000000000
383	1114835	24.000000000000
384	1114850	24.000000000000
385	1114900	24.000000000000
386	1114918	24.000000000000
387	1114934	24.000000000000
388	1114959	24.000000000000
389	1114983	24.000000000000
390	1114991	24.000000000000
391	1115048	24.000000000000
392	1115071	24.000000000000
393	1115105	24.000000000000
394	1115204	24.000000000000
395	1115295	24.000000000000
396	1115303	24.000000000000
397	1115352	24.000000000000
398	1115360	24.000000000000
399	1115428	24.000000000000
400	1115493	24.000000000000
401	1115550	24.000000000000
402	1115576	24.000000000000
403	1115584	24.000000000000
404	1115592	24.000000000000
405	1115626	24.000000000000
406	1115634	24.000000000000
407	1115758	24.000000000000
408	1115782	24.000000000000
409	1115923	24.000000000000
410	1115949	24.000000000000
411	1115964	24.000000000000
412	1115972	24.000000000000
413	1116012	24.000000000000
414	1116053	24.000000000000
415	1116061	24.000000000000
416	1116194	24.000000000000
417	1116228	24.000000000000
418	1116319	24.000000000000
419	1116335	24.000000000000
420	1116368	24.000000000000
421	1116509	24.000000000000
422	1116517	24.000000000000
423	1116533	24.000000000000
424	1116608	24.000000000000
425	1116632	24.000000000000
426	1116640	24.000000000000
427	1116681	24.000000000000
428	1116699	24.000000000000
429	1116756	24.000000000000
430	1116939	24.000000000000
431	1116962	24.000000000000
432	1116970	24.000000000000
433	1116996	24.000000000000
434	1117077	24.000000000000
435	1117085	24.000000000000
436	1117093	24.000000000000
437	1117143	24.000000000000
438	1117150	24.000000000000
439	1117192	24.000000000000
440	1117259	24.000000000000
441	1117275	24.000000000000
442	1117325	24.000000000000
443	1117333	24.000000000000
444	1117366	24.000000000000
445	1117374	24.000000000000
446	1117424	24.000000000000
447	1117473	24.000000000000
448	1117580	24.000000000000
449	1117606	24.000000000000
450	1117648	24.000000000000
451	1117671	24.000000000000
452	1117689	24.000000000000
453	1117804	24.000000000000
454	1117812	24.000000000000
455	1117838	24.000000000000
456	1117853	24.000000000000
457	1117879	24.000000000000
458	1117887	24.000000000000
459	1117895	24.000000000000
460	1117903	24.000000000000
461	1117952	24.000000000000
462	1117978	24.000000000000
463	1118018	24.000000000000
464	1118026	24.000000000000
465	1118034	24.000000000000
466	1118067	24.000000000000
467	1118125	24.000000000000
468	1118158	24.000000000000
469	1118182	24.000000000000
470	1118232	24.000000000000
471	1118240	24.000000000000
472	1118315	24.000000000000
473	1118323	24.000000000000
474	1118398	24.000000000000
475	1118406	24.000000000000
476	1118448	24.000000000000
477	1118489	24.000000000000
478	1118505	24.000000000000
479	1118562	24.000000000000
480	1118620	24.000000000000
481	1118646	24.000000000000
482	1118679	24.000000000000
483	1118695	24.000000000000
484	1118778	24.000000000000
485	1118794	24.000000000000
486	1118810	24.000000000000
487	1118828	24.000000000000
488	1118844	24.000000000000
489	1118851	24.000000000000
490	1118869	24.000000000000
491	1118877	24.000000000000
492	1118919	24.000000000000
493	1118927	24.000000000000
494	1118943	24.000000000000
495	1118992	24.000000000000
496	1119032	24.000000000000
497	1119057	24.000000000000
498	1119164	24.000000000000
499	1119180	24.000000000000
500	1119198	24.000000000000
501	1119214	24.000000000000
502	1119263	24.000000000000
503	1119271	24.000000000000
504	1119289	24.000000000000
505	1119362	24.000000000000
506	1119388	24.000000000000
507	1119438	24.000000000000
508	1119453	24.000000000000
509	1119487	24.000000000000
510	1119495	24.000000000000
511	1119503	24.000000000000
512	1119511	24.000000000000
513	1119529	24.000000000000
514	1119537	24.000000000000
515	1119545	24.000000000000
516	1119560	24.000000000000
517	1119578	24.000000000000
518	1119610	24.000000000000
519	1119651	24.000000000000
520	1119735	24.000000000000
521	1119859	24.000000000000
522	1119891	24.000000000000
523	1119925	24.000000000000
524	1119958	24.000000000000
525	1120014	24.000000000000
526	1120063	24.000000000000
527	1120105	24.000000000000
528	1120154	24.000000000000
529	1120170	24.000000000000
530	1120204	24.000000000000
531	1120220	24.000000000000
532	1120238	24.000000000000
533	1120246	24.000000000000
534	1120337	24.000000000000
535	1120345	24.000000000000
536	1120394	24.000000000000
537	1120410	24.000000000000
538	1120436	24.000000000000
539	1120477	24.000000000000
540	1120519	24.000000000000
541	1120584	24.000000000000
542	1120592	24.000000000000
543	1120600	24.000000000000
544	1120618	24.000000000000
545	1120626	24.000000000000
546	1120691	24.000000000000
547	1120717	24.000000000000
548	1120733	24.000000000000
549	1120766	24.000000000000
550	1120832	24.000000000000
551	1120840	24.000000000000
552	1120931	24.000000000000
553	1120980	24.000000000000
554	1120998	24.000000000000
555	1121004	24.000000000000
556	1121046	24.000000000000
557	1121053	24.000000000000
558	1121079	24.000000000000
559	1121111	24.000000000000
560	1121194	24.000000000000
561	1121236	24.000000000000
562	1121251	24.000000000000
563	1121269	24.000000000000
564	1121293	24.000000000000
565	1121327	24.000000000000
566	1121376	24.000000000000
567	1121434	24.000000000000
568	1121467	24.000000000000
569	1121541	24.000000000000
570	1121566	24.000000000000
571	1121665	24.000000000000
572	1121681	24.000000000000
573	1121731	24.000000000000
574	1121749	24.000000000000
575	1121822	24.000000000000
576	1121830	24.000000000000
577	1121913	24.000000000000
578	1121988	24.000000000000
579	1122010	24.000000000000
580	1122036	24.000000000000
581	1122069	24.000000000000
582	1122093	24.000000000000
583	1122176	24.000000000000
584	1122242	24.000000000000
585	1122259	24.000000000000
586	1122366	24.000000000000
587	1122515	24.000000000000
588	1122556	24.000000000000
589	1122580	24.000000000000
590	1122622	24.000000000000
591	1122630	24.000000000000
592	1122648	24.000000000000
593	1122655	24.000000000000
594	1122671	24.000000000000
595	1122770	24.000000000000
596	1122804	24.000000000000
597	1122812	24.000000000000
598	1122853	24.000000000000
599	1122861	24.000000000000
600	1122911	24.000000000000
601	1122960	24.000000000000
602	1123000	24.000000000000
603	1123034	24.000000000000
604	1123042	24.000000000000
605	1123059	24.000000000000
606	1123067	24.000000000000
607	1123075	24.000000000000
608	1123083	24.000000000000
609	1123117	24.000000000000
610	1123182	24.000000000000
611	1123190	24.000000000000
612	1123216	24.000000000000
613	1123224	24.000000000000
614	1123240	24.000000000000
615	1123281	24.000000000000
616	1123299	24.000000000000
617	1123307	24.000000000000
618	1123315	24.000000000000
619	1123323	24.000000000000
620	1123331	24.000000000000
621	1123364	24.000000000000
622	1123372	24.000000000000
623	1123430	24.000000000000
624	1123497	24.000000000000
625	1123547	24.000000000000
626	1123596	24.000000000000
627	1123620	24.000000000000
628	1123778	24.000000000000
629	1123802	24.000000000000
630	1123828	24.000000000000
631	1123893	24.000000000000
632	1123901	24.000000000000
633	1123935	24.000000000000
634	1123943	24.000000000000
635	1123992	24.000000000000
636	1124032	24.000000000000
637	1124040	24.000000000000
638	1124073	24.000000000000
639	1124172	24.000000000000
640	1124206	24.000000000000
641	1124248	24.000000000000
642	1124255	24.000000000000
643	1124271	24.000000000000
644	1124305	24.000000000000
645	1124339	24.000000000000
646	1124388	24.000000000000
647	1124446	24.000000000000
648	1124461	24.000000000000
649	1124495	24.000000000000
650	1124511	24.000000000000
651	1124552	24.000000000000
652	1124578	24.000000000000
653	1124594	24.000000000000
654	1124602	24.000000000000
655	1124610	24.000000000000
656	1124651	24.000000000000
657	1124701	24.000000000000
658	1124792	24.000000000000
659	1124875	24.000000000000
660	1124925	24.000000000000
661	1124966	24.000000000000
662	1124982	24.000000000000
663	1125088	24.000000000000
664	1125153	24.000000000000
665	1125229	24.000000000000
666	1125245	24.000000000000
667	1125286	24.000000000000
668	1125302	24.000000000000
669	1125377	24.000000000000
670	1125393	24.000000000000
671	1125435	24.000000000000
672	1125468	24.000000000000
673	1125484	24.000000000000
674	1125567	24.000000000000
675	1125633	24.000000000000
676	1125641	24.000000000000
677	1125732	24.000000000000
678	1125807	24.000000000000
679	1125815	24.000000000000
680	1125849	24.000000000000
681	1125922	24.000000000000
682	1125930	24.000000000000
683	1126086	24.000000000000
684	1126144	24.000000000000
685	1126193	24.000000000000
686	1126243	24.000000000000
687	1126367	24.000000000000
688	1126375	24.000000000000
689	1126466	24.000000000000
690	1126482	24.000000000000
691	1126490	24.000000000000
692	1126607	24.000000000000
693	1126656	24.000000000000
694	1126698	24.000000000000
695	1126805	24.000000000000
696	1126813	24.000000000000
697	1126821	24.000000000000
698	1126854	24.000000000000
699	1126946	24.000000000000
700	1126987	24.000000000000
701	1127001	24.000000000000
702	1127084	24.000000000000
703	1127167	24.000000000000
704	1127183	24.000000000000
705	1127191	24.000000000000
706	1127357	24.000000000000
707	1127464	24.000000000000
708	1127498	24.000000000000
709	1127530	24.000000000000
710	1127571	24.000000000000
711	1127621	24.000000000000
712	1127639	24.000000000000
713	1127647	24.000000000000
714	1127670	24.000000000000
715	1127738	24.000000000000
716	1127746	24.000000000000
717	1127761	24.000000000000
718	1127860	24.000000000000
719	1127902	24.000000000000
720	1127910	24.000000000000
721	1127985	24.000000000000
722	1128017	24.000000000000
723	1128066	24.000000000000
724	1128082	24.000000000000
725	1128140	24.000000000000
726	1128181	24.000000000000
727	1128199	24.000000000000
728	1128223	24.000000000000
729	1128256	24.000000000000
730	1128272	24.000000000000
731	1128371	24.000000000000
732	1128405	24.000000000000
733	1128413	24.000000000000
734	1128421	24.000000000000
735	1128462	24.000000000000
736	1128488	24.000000000000
737	1128504	24.000000000000
738	1128512	24.000000000000
739	1128520	24.000000000000
740	1128579	24.000000000000
741	1128637	24.000000000000
742	1128660	24.000000000000
743	1128678	24.000000000000
744	1128694	24.000000000000
745	1128702	24.000000000000
746	1128777	24.000000000000
747	1128801	24.000000000000
748	1128827	24.000000000000
749	1128850	24.000000000000
750	1128868	24.000000000000
751	1128892	24.000000000000
752	1128967	24.000000000000
753	1129007	24.000000000000
754	1129023	24.000000000000
755	1129049	24.000000000000
756	1129064	24.000000000000
757	1129106	24.000000000000
758	1129148	24.000000000000
759	1129239	24.000000000000
760	1129254	24.000000000000
761	1129296	24.000000000000
762	1129304	24.000000000000
763	1129346	24.000000000000
764	1129536	24.000000000000
765	1129551	24.000000000000
766	1129577	24.000000000000
767	1129585	24.000000000000
768	1129593	24.000000000000
769	1129619	24.000000000000
770	1129643	24.000000000000
771	1129668	24.000000000000
772	1129684	24.000000000000
773	1129718	24.000000000000
774	1129726	24.000000000000
775	1129734	24.000000000000
776	1129841	24.000000000000
777	1129866	24.000000000000
778	1129874	24.000000000000
779	1129882	24.000000000000
780	1129908	24.000000000000
781	1129916	24.000000000000
782	1129965	24.000000000000
783	1129973	24.000000000000
784	1130211	24.000000000000
785	1130237	24.000000000000
786	1130286	24.000000000000
787	1130302	24.000000000000
788	1130393	24.000000000000
789	1130468	24.000000000000
790	1130476	24.000000000000
791	1130559	24.000000000000
792	1130583	24.000000000000
793	1130682	24.000000000000
794	1130690	24.000000000000
795	1130708	24.000000000000
796	1130732	24.000000000000
797	1130765	24.000000000000
798	1130807	24.000000000000
799	1130831	24.000000000000
800	1130864	24.000000000000
801	1130906	24.000000000000
802	1130930	24.000000000000
803	1130997	24.000000000000
804	1131011	24.000000000000
805	1131052	24.000000000000
806	1131060	24.000000000000
807	1131102	24.000000000000
808	1131128	24.000000000000
809	1131169	24.000000000000
810	1131185	24.000000000000
811	1131243	24.000000000000
812	1131300	24.000000000000
813	1131342	24.000000000000
814	1131367	24.000000000000
815	1131375	24.000000000000
816	1131409	24.000000000000
817	1131417	24.000000000000
818	1131425	24.000000000000
819	1131433	24.000000000000
820	1131466	24.000000000000
821	1131516	24.000000000000
822	1131615	24.000000000000
823	1131664	24.000000000000
824	1131672	24.000000000000
825	1131755	24.000000000000
826	1131763	24.000000000000
827	1131813	24.000000000000
828	1131920	24.000000000000
829	1131938	24.000000000000
830	1132100	24.000000000000
831	1132126	24.000000000000
832	1132142	24.000000000000
833	1132183	24.000000000000
834	1132324	24.000000000000
835	1132373	24.000000000000
836	1132381	24.000000000000
837	1132399	24.000000000000
838	1132407	24.000000000000
839	1132423	24.000000000000
840	1132449	24.000000000000
841	1132456	24.000000000000
842	1132498	24.000000000000
843	1132506	24.000000000000
844	1132555	24.000000000000
845	1132621	24.000000000000
846	1132639	24.000000000000
847	1132670	24.000000000000
848	1132803	24.000000000000
849	1132951	24.000000000000
850	1132969	24.000000000000
851	1133041	24.000000000000
852	1133090	24.000000000000
853	1133108	24.000000000000
854	1133132	24.000000000000
855	1133165	24.000000000000
856	1133199	24.000000000000
857	1133207	24.000000000000
858	1133249	24.000000000000
859	1133264	24.000000000000
860	1133272	24.000000000000
861	1133306	24.000000000000
862	1133348	24.000000000000
863	1133371	24.000000000000
864	1133389	24.000000000000
865	1133397	24.000000000000
866	1133413	24.000000000000
867	1133538	24.000000000000
868	1133603	24.000000000000
869	1133611	24.000000000000
870	1133637	24.000000000000
871	1133660	24.000000000000
872	1133694	24.000000000000
873	1133744	24.000000000000
874	1133769	24.000000000000
875	1133785	24.000000000000
876	1133793	24.000000000000
877	1133827	24.000000000000
878	1133850	24.000000000000
879	1133884	24.000000000000
880	1133934	24.000000000000
881	1133991	24.000000000000
882	1134098	24.000000000000
883	1134106	24.000000000000
884	1134163	24.000000000000
885	1134171	24.000000000000
886	1134189	24.000000000000
887	1134270	24.000000000000
888	1134338	24.000000000000
889	1134379	24.000000000000
890	1134387	24.000000000000
891	1134395	24.000000000000
892	1134411	24.000000000000
893	1134437	24.000000000000
894	1134478	24.000000000000
895	1134486	24.000000000000
896	1134494	24.000000000000
897	1134569	24.000000000000
898	1134601	24.000000000000
899	1134650	24.000000000000
900	1134676	24.000000000000
901	1134684	24.000000000000
902	1134692	24.000000000000
903	1134718	24.000000000000
904	1134734	24.000000000000
905	1134742	24.000000000000
906	1134890	24.000000000000
907	1135087	24.000000000000
908	1135095	24.000000000000
909	1135145	24.000000000000
910	1135251	24.000000000000
911	1135319	24.000000000000
912	1135335	24.000000000000
913	1135350	24.000000000000
914	1135368	24.000000000000
915	1135400	24.000000000000
916	1135509	24.000000000000
917	1135525	24.000000000000
918	1135574	24.000000000000
919	1135616	24.000000000000
920	1135632	24.000000000000
921	1135731	24.000000000000
922	1135962	24.000000000000
923	1135970	24.000000000000
924	1136002	24.000000000000
925	1136077	24.000000000000
926	1136119	24.000000000000
927	1136143	24.000000000000
928	1136168	24.000000000000
929	1136226	24.000000000000
930	1136234	24.000000000000
931	1136242	24.000000000000
932	1136267	24.000000000000
933	1136291	24.000000000000
934	1136309	24.000000000000
935	1136440	24.000000000000
936	1136481	24.000000000000
937	1136507	24.000000000000
938	1136515	24.000000000000
939	1136549	24.000000000000
940	1136572	24.000000000000
941	1136580	24.000000000000
942	1136606	24.000000000000
943	1136713	24.000000000000
944	1136721	24.000000000000
945	1136879	24.000000000000
946	1136952	24.000000000000
947	1136978	24.000000000000
948	1137018	24.000000000000
949	1137117	24.000000000000
950	1137125	24.000000000000
951	1137141	24.000000000000
952	1137208	24.000000000000
953	1137232	24.000000000000
954	1137257	24.000000000000
955	1137273	24.000000000000
956	1137299	24.000000000000
957	1137364	24.000000000000
958	1137372	24.000000000000
959	1137554	24.000000000000
960	1137596	24.000000000000
961	1137612	24.000000000000
962	1137711	24.000000000000
963	1137794	24.000000000000
964	1137828	24.000000000000
965	1137836	24.000000000000
966	1137885	24.000000000000
967	1137935	24.000000000000
968	1137943	24.000000000000
969	1137992	24.000000000000
970	1138024	24.000000000000
971	1138040	24.000000000000
972	1138107	24.000000000000
973	1138131	24.000000000000
974	1138149	24.000000000000
975	1138156	24.000000000000
976	1138222	24.000000000000
977	1138248	24.000000000000
978	1138289	24.000000000000
979	1138313	24.000000000000
980	1138321	24.000000000000
981	1138362	24.000000000000
982	1138404	24.000000000000
983	1138412	24.000000000000
984	1138420	24.000000000000
985	1138578	24.000000000000
986	1138586	24.000000000000
987	1138628	24.000000000000
988	1138644	24.000000000000
989	1138651	24.000000000000
990	1138727	24.000000000000
991	1138768	24.000000000000
992	1138776	24.000000000000
993	1138800	24.000000000000
994	1138834	24.000000000000
995	1138875	24.000000000000
996	1138883	24.000000000000
997	1138933	24.000000000000
998	1139022	24.000000000000
999	1139105	24.000000000000
1000	1139113	24.000000000000
1001	1139139	24.000000000000
1002	1139147	24.000000000000
1003	1139170	24.000000000000
1004	1139212	24.000000000000
1005	1139295	24.000000000000
1006	1139311	24.000000000000
1007	1139352	24.000000000000
1008	1139360	24.000000000000
1009	1139444	24.000000000000
1010	1139485	24.000000000000
1011	1139493	24.000000000000
1012	1139543	24.000000000000
1013	1139592	24.000000000000
1014	1139667	24.000000000000
1015	1139725	24.000000000000
1016	1139733	24.000000000000
1017	1139741	24.000000000000
1018	1139782	24.000000000000
1019	1139824	24.000000000000
1020	1139865	24.000000000000
1021	1140129	24.000000000000
1022	1140137	24.000000000000
1023	1140152	24.000000000000
1024	1140178	24.000000000000
1025	1140186	24.000000000000
1026	1140236	24.000000000000
1027	1140293	24.000000000000
1028	1140343	24.000000000000
1029	1140350	24.000000000000
1030	1140392	24.000000000000
1031	1140400	24.000000000000
1032	1140509	24.000000000000
1033	1140517	24.000000000000
1034	1140525	24.000000000000
1035	1140533	24.000000000000
1036	1140558	24.000000000000
1037	1140582	24.000000000000
1038	1140632	24.000000000000
1039	1140665	24.000000000000
1040	1140681	24.000000000000
1041	1140699	24.000000000000
1042	1140715	24.000000000000
1043	1140756	24.000000000000
1044	1140764	24.000000000000
1045	1140806	24.000000000000
1046	1140848	24.000000000000
1047	1140889	24.000000000000
1048	1140913	24.000000000000
1049	1140954	24.000000000000
1050	1140962	24.000000000000
1051	1140996	24.000000000000
1052	1141002	24.000000000000
1053	1141036	24.000000000000
1054	1141069	24.000000000000
1055	1141119	24.000000000000
1056	1141150	24.000000000000
1057	1141168	24.000000000000
1058	1141218	24.000000000000
1059	1141226	24.000000000000
1060	1141317	24.000000000000
1061	1141382	24.000000000000
1062	1141390	24.000000000000
1063	1141408	24.000000000000
1064	1141416	24.000000000000
1065	1141432	24.000000000000
1066	1141440	24.000000000000
1067	1141515	24.000000000000
1068	1141564	24.000000000000
1069	1141606	24.000000000000
1070	1141614	24.000000000000
1071	1141622	24.000000000000
1072	1141697	24.000000000000
1073	1141705	24.000000000000
1074	1141747	24.000000000000
1075	1141762	24.000000000000
1076	1141903	24.000000000000
1077	1141911	24.000000000000
1078	1142026	24.000000000000
1079	1142059	24.000000000000
1080	1142109	24.000000000000
1081	1142141	24.000000000000
1082	1142158	24.000000000000
1083	1142166	24.000000000000
1084	1142208	24.000000000000
1085	1142257	24.000000000000
1086	1142265	24.000000000000
1087	1142307	24.000000000000
1088	1142356	24.000000000000
1089	1142380	24.000000000000
1090	1142430	24.000000000000
1091	1142448	24.000000000000
1092	1142455	24.000000000000
1093	1142463	24.000000000000
1094	1142539	24.000000000000
1095	1142547	24.000000000000
1096	1142562	24.000000000000
1097	1142588	24.000000000000
1098	1142604	24.000000000000
1099	1142612	24.000000000000
1100	1142687	24.000000000000
1101	1142760	24.000000000000
1102	1142778	24.000000000000
1103	1142851	24.000000000000
1104	1142901	24.000000000000
1105	1142919	24.000000000000
1106	1142943	24.000000000000
1107	1143107	24.000000000000
1108	1143115	24.000000000000
1109	1143156	24.000000000000
1110	1143289	24.000000000000
1111	1143305	24.000000000000
1112	1143347	24.000000000000
1113	1143438	24.000000000000
1114	1143503	24.000000000000
1115	1143511	24.000000000000
1116	1143602	24.000000000000
1117	1143677	24.000000000000
1118	1143701	24.000000000000
1119	1143867	24.000000000000
1120	1143982	24.000000000000
1121	1144048	24.000000000000
1122	1144063	24.000000000000
1123	1144113	24.000000000000
1124	1144170	24.000000000000
1125	1144196	24.000000000000
1126	1144220	24.000000000000
1127	1144410	24.000000000000
1128	1144444	24.000000000000
1129	1144451	24.000000000000
1130	1144477	24.000000000000
1131	1144519	24.000000000000
1132	1144584	24.000000000000
1133	1144683	24.000000000000
1134	1144725	24.000000000000
1135	1144733	24.000000000000
1136	1144782	24.000000000000
1137	1144790	24.000000000000
1138	1144808	24.000000000000
1139	1144832	24.000000000000
1140	1144857	24.000000000000
1141	1144899	24.000000000000
1142	1144972	24.000000000000
1143	1145003	24.000000000000
1144	1145052	24.000000000000
1145	1145086	24.000000000000
1146	1145128	24.000000000000
1147	1145151	24.000000000000
1148	1145185	24.000000000000
1149	1145250	24.000000000000
1150	1145318	24.000000000000
1151	1145359	24.000000000000
1152	1145383	24.000000000000
1153	1145458	24.000000000000
1154	1145508	24.000000000000
1155	1145532	24.000000000000
1156	1145540	24.000000000000
1157	1145565	24.000000000000
1158	1145623	24.000000000000
1159	1145649	24.000000000000
1160	1145714	24.000000000000
1161	1145839	24.000000000000
1162	1145920	24.000000000000
1163	1145961	24.000000000000
1164	1146043	24.000000000000
1165	1146068	24.000000000000
1166	1146175	24.000000000000
1167	1146258	24.000000000000
1168	1146316	24.000000000000
1169	1146365	24.000000000000
1170	1146431	24.000000000000
1171	1146514	24.000000000000
1172	1146571	24.000000000000
1173	1146605	24.000000000000
1174	1146639	24.000000000000
1175	1146654	24.000000000000
1176	1146688	24.000000000000
1177	1146696	24.000000000000
1178	1146753	24.000000000000
1179	1146787	24.000000000000
1180	1146795	24.000000000000
1181	1146837	24.000000000000
1182	1146852	24.000000000000
1183	1146944	24.000000000000
1184	1146993	24.000000000000
1185	1147116	24.000000000000
1186	1147132	24.000000000000
1187	1147157	24.000000000000
1188	1147165	24.000000000000
1189	1147207	24.000000000000
1190	1147223	24.000000000000
1191	1147272	24.000000000000
1192	1147330	24.000000000000
1193	1147355	24.000000000000
1194	1147363	24.000000000000
1195	1147405	24.000000000000
1196	1147447	24.000000000000
1197	1147454	24.000000000000
1198	1147538	24.000000000000
1199	1147546	24.000000000000
1200	1147702	24.000000000000
1201	1147801	24.000000000000
1202	1147835	24.000000000000
1203	1147843	24.000000000000
1204	1147892	24.000000000000
1205	1147900	24.000000000000
1206	1147991	24.000000000000
1207	1148049	24.000000000000
1208	1148064	24.000000000000
1209	1148098	24.000000000000
1210	1148171	24.000000000000
1211	1148205	24.000000000000
1212	1148239	24.000000000000
1213	1148254	24.000000000000
1214	1148296	24.000000000000
1215	1148312	24.000000000000
1216	1148320	24.000000000000
1217	1148379	24.000000000000
1218	1148403	24.000000000000
1219	1148429	24.000000000000
1220	1148452	24.000000000000
1221	1148478	24.000000000000
1222	1148528	24.000000000000
1223	1148536	24.000000000000
1224	1148577	24.000000000000
1225	1148601	24.000000000000
1226	1148668	24.000000000000
1227	1148734	24.000000000000
1228	1148759	24.000000000000
1229	1148767	24.000000000000
1230	1148809	24.000000000000
1231	1148916	24.000000000000
1232	1148999	24.000000000000
1233	1149039	24.000000000000
1234	1149104	24.000000000000
1235	1149120	24.000000000000
1236	1149153	24.000000000000
1237	1149161	24.000000000000
1238	1149187	24.000000000000
1239	1149245	24.000000000000
1240	1149286	24.000000000000
1241	1149328	24.000000000000
1242	1149336	24.000000000000
1243	1149344	24.000000000000
1244	1149435	24.000000000000
1245	1149500	24.000000000000
1246	1149559	24.000000000000
1247	1149575	24.000000000000
1248	1149617	24.000000000000
1249	1149682	24.000000000000
1250	1149724	24.000000000000
1251	1149781	24.000000000000
1252	1149849	24.000000000000
1253	1149922	24.000000000000
1254	1149930	24.000000000000
1255	1149955	24.000000000000
1256	1149963	24.000000000000
1257	1150037	24.000000000000
1258	1150045	24.000000000000
1259	1150151	24.000000000000
1260	1150177	24.000000000000
1261	1150185	24.000000000000
1262	1150243	24.000000000000
1263	1150268	24.000000000000
1264	1150375	24.000000000000
1265	1150383	24.000000000000
1266	1150391	24.000000000000
1267	1150433	24.000000000000
1268	1150466	24.000000000000
1269	1150516	24.000000000000
1270	1150524	24.000000000000
1271	1150565	24.000000000000
1272	1150573	24.000000000000
1273	1150581	24.000000000000
1274	1150615	24.000000000000
1275	1150722	24.000000000000
1276	1150797	24.000000000000
1277	1151019	24.000000000000
1278	1151043	24.000000000000
1279	1151084	24.000000000000
1280	1151092	24.000000000000
1281	1151118	24.000000000000
1282	1151142	24.000000000000
1283	1151290	24.000000000000
1284	1151381	24.000000000000
1285	1151498	24.000000000000
1286	1151514	24.000000000000
1287	1151522	24.000000000000
1288	1151555	24.000000000000
1289	1151563	24.000000000000
1290	1151670	24.000000000000
1291	1151688	24.000000000000
1292	1151746	24.000000000000
1293	1151894	24.000000000000
1294	1151902	24.000000000000
1295	1151969	24.000000000000
1296	1151977	24.000000000000
1297	1152082	24.000000000000
1298	1152116	24.000000000000
1299	1152132	24.000000000000
1300	1152140	24.000000000000
1301	1152173	24.000000000000
1302	1152199	24.000000000000
1303	1152256	24.000000000000
1304	1152280	24.000000000000
1305	1152314	24.000000000000
1306	1152355	24.000000000000
1307	1152496	24.000000000000
1308	1152553	24.000000000000
1309	1152561	24.000000000000
1310	1152587	24.000000000000
1311	1152611	24.000000000000
1312	1152652	24.000000000000
1313	1152850	24.000000000000
1314	1152876	24.000000000000
1315	1152926	24.000000000000
1316	1152942	24.000000000000
1317	1153007	24.000000000000
1318	1153023	24.000000000000
1319	1153106	24.000000000000
1320	1153213	24.000000000000
1321	1153239	24.000000000000
1322	1153270	24.000000000000
1323	1153304	24.000000000000
1324	1153379	24.000000000000
1325	1153395	24.000000000000
1326	1153502	24.000000000000
1327	1153510	24.000000000000
1328	1153536	24.000000000000
1329	1153569	24.000000000000
1330	1153684	24.000000000000
1331	1153726	24.000000000000
1332	1153734	24.000000000000
1333	1153742	24.000000000000
1334	1153783	24.000000000000
1335	1153916	24.000000000000
1336	1153932	24.000000000000
1337	1154047	24.000000000000
1338	1154062	24.000000000000
1339	1154088	24.000000000000
1340	1154104	24.000000000000
1341	1154161	24.000000000000
1342	1154245	24.000000000000
1343	1154302	24.000000000000
1344	1154310	24.000000000000
1345	1154336	24.000000000000
1346	1154351	24.000000000000
1347	1154468	24.000000000000
1348	1154500	24.000000000000
1349	1154526	24.000000000000
1350	1154542	24.000000000000
1351	1154559	24.000000000000
1352	1154666	24.000000000000
1353	1154682	24.000000000000
1354	1154708	24.000000000000
1355	1154732	24.000000000000
1356	1154757	24.000000000000
1357	1154807	24.000000000000
1358	1154849	24.000000000000
1359	1154864	24.000000000000
1360	1154880	24.000000000000
1361	1154914	24.000000000000
1362	1154948	24.000000000000
1363	1154971	24.000000000000
1364	1155036	24.000000000000
1365	1155150	24.000000000000
1366	1155242	24.000000000000
1367	1155275	24.000000000000
1368	1155317	24.000000000000
1369	1155382	24.000000000000
1370	1155408	24.000000000000
1371	1155473	24.000000000000
1372	1155499	24.000000000000
1373	1155515	24.000000000000
1374	1155572	24.000000000000
1375	1155705	24.000000000000
1376	1155721	24.000000000000
1377	1155796	24.000000000000
1378	1155887	24.000000000000
1379	1155895	24.000000000000
1380	1156000	24.000000000000
1381	1156042	24.000000000000
1382	1156075	24.000000000000
1383	1156208	24.000000000000
1384	1156430	24.000000000000
1385	1156513	24.000000000000
1386	1156711	24.000000000000
1387	1156745	24.000000000000
1388	1156869	24.000000000000
1389	1157008	24.000000000000
1390	1157214	24.000000000000
1391	1157263	24.000000000000
1392	1157339	24.000000000000
1393	1157354	24.000000000000
1394	2100016	24.000000000000
1395	2100024	24.000000000000
1396	2100057	24.000000000000
1397	2100065	24.000000000000
1398	2100081	24.000000000000
1399	2100107	24.000000000000
1400	2100123	24.000000000000
1401	2100271	24.000000000000
1402	2100370	24.000000000000
1403	2100396	24.000000000000
1404	2100404	24.000000000000
1405	2100420	24.000000000000
1406	2100461	24.000000000000
1407	2100560	24.000000000000
1408	2100594	24.000000000000
1409	2100602	24.000000000000
1410	2100636	24.000000000000
1411	2100669	24.000000000000
1412	2100685	24.000000000000
1413	2100693	24.000000000000
1414	2100750	24.000000000000
1415	2100768	24.000000000000
1416	2100800	24.000000000000
1417	2100818	24.000000000000
1418	2100875	24.000000000000
1419	2100891	24.000000000000
1420	2100909	24.000000000000
1421	2100933	24.000000000000
1422	2100941	24.000000000000
1423	2100974	24.000000000000
1424	2101063	24.000000000000
1425	2101121	24.000000000000
1426	2101378	24.000000000000
1427	2101394	24.000000000000
1428	2101428	24.000000000000
1429	2101600	24.000000000000
1430	2101733	24.000000000000
1431	2101758	24.000000000000
1432	2101766	24.000000000000
1433	2101782	24.000000000000
1434	2101790	24.000000000000
1435	2101832	24.000000000000
1436	2101915	24.000000000000
1437	2101949	24.000000000000
1438	2101980	24.000000000000
1439	2102020	24.000000000000
1440	2102087	24.000000000000
1441	2102095	24.000000000000
1442	2102129	24.000000000000
1443	2102178	24.000000000000
1444	2102228	24.000000000000
1445	2102277	24.000000000000
1446	2102285	24.000000000000
1447	2102293	24.000000000000
1448	2102343	24.000000000000
1449	2102350	24.000000000000
1450	2102442	24.000000000000
1451	2102459	24.000000000000
1452	2102467	24.000000000000
1453	2102483	24.000000000000
1454	2102525	24.000000000000
1455	2102673	24.000000000000
1456	2102715	24.000000000000
1457	2102830	24.000000000000
1458	2102913	24.000000000000
1459	2102962	24.000000000000
1460	2102988	24.000000000000
1461	2103200	24.000000000000
1462	2103218	24.000000000000
1463	2103242	24.000000000000
1464	2103291	24.000000000000
1465	2103309	24.000000000000
1466	2103325	24.000000000000
1467	2103358	24.000000000000
1468	2103382	24.000000000000
1469	2103390	24.000000000000
1470	2103424	24.000000000000
1471	2103614	24.000000000000
1472	2103721	24.000000000000
1473	2103887	24.000000000000
1474	2103929	24.000000000000
1475	2103994	24.000000000000
1476	2104034	24.000000000000
1477	2104067	24.000000000000
1478	2104091	24.000000000000
1479	2104166	24.000000000000
1480	2104273	24.000000000000
1481	2104406	24.000000000000
1482	2104422	24.000000000000
1483	2104547	24.000000000000
1484	2104554	24.000000000000
1485	2104612	24.000000000000
1486	2104620	24.000000000000
1487	2104661	24.000000000000
1488	2104695	24.000000000000
1489	2104703	24.000000000000
1490	2104869	24.000000000000
1491	2104950	24.000000000000
1492	2105155	24.000000000000
1493	2105163	24.000000000000
1494	2105239	24.000000000000
1495	2105254	24.000000000000
1496	2105296	24.000000000000
1497	2105320	24.000000000000
1498	2105346	24.000000000000
1499	2105361	24.000000000000
1500	2105403	24.000000000000
1501	2105486	24.000000000000
1502	2105536	24.000000000000
1503	2105734	24.000000000000
1504	2105759	24.000000000000
1505	2105791	24.000000000000
1506	2105916	24.000000000000
1507	2105924	24.000000000000
1508	2105932	24.000000000000
1509	2106021	24.000000000000
1510	2106047	24.000000000000
1511	2106112	24.000000000000
1512	2106187	24.000000000000
1513	2106286	24.000000000000
1514	2106294	24.000000000000
1515	2106310	24.000000000000
1516	2106351	24.000000000000
1517	2106385	24.000000000000
1518	2106401	24.000000000000
1519	2106567	24.000000000000
1520	2106625	24.000000000000
1521	2106724	24.000000000000
1522	2106799	24.000000000000
1523	2106815	24.000000000000
1524	2106823	24.000000000000
1525	2106831	24.000000000000
1526	2106856	24.000000000000
1527	2107094	24.000000000000
1528	2107102	24.000000000000
1529	2107151	24.000000000000
1530	2107193	24.000000000000
1531	2107250	24.000000000000
1532	2107268	24.000000000000
1533	2107284	24.000000000000
1534	2107300	24.000000000000
1535	2107359	24.000000000000
1536	2107391	24.000000000000
1537	2107706	24.000000000000
1538	2107730	24.000000000000
1539	2107912	24.000000000000
1540	2107953	24.000000000000
1541	2107979	24.000000000000
1542	2108019	24.000000000000
1543	2108100	24.000000000000
1544	2108142	24.000000000000
1545	2108209	24.000000000000
1546	2108225	24.000000000000
1547	2108266	24.000000000000
1548	2108290	24.000000000000
1549	2108464	24.000000000000
1550	2108506	24.000000000000
1551	2108522	24.000000000000
1552	2108563	24.000000000000
1553	2108571	24.000000000000
1554	2108639	24.000000000000
1555	2108647	24.000000000000
1556	2108670	24.000000000000
1557	2108696	24.000000000000
1558	2108704	24.000000000000
1559	2108753	24.000000000000
1560	2108779	24.000000000000
1561	2108878	24.000000000000
1562	2108886	24.000000000000
1563	2108894	24.000000000000
1564	2108910	24.000000000000
1565	2108928	24.000000000000
1566	2108944	24.000000000000
1567	2108985	24.000000000000
1568	2109025	24.000000000000
1569	2109033	24.000000000000
1570	2109116	24.000000000000
1571	2109140	24.000000000000
1572	2109207	24.000000000000
1573	2109280	24.000000000000
1574	2109298	24.000000000000
1575	2109348	24.000000000000
1576	2109363	24.000000000000
1577	2109454	24.000000000000
1578	2109520	24.000000000000
1579	2109553	24.000000000000
1580	2109645	24.000000000000
1581	2109686	24.000000000000
1582	2109769	24.000000000000
1583	2109850	24.000000000000
1584	2109959	24.000000000000
1585	2109991	24.000000000000
1586	2110007	24.000000000000
1587	2110015	24.000000000000
1588	2110023	24.000000000000
1589	2110031	24.000000000000
1590	2110049	24.000000000000
1591	2110056	24.000000000000
1592	2110098	24.000000000000
1593	2110106	24.000000000000
1594	2110122	24.000000000000
1595	2110155	24.000000000000
1596	2110171	24.000000000000
1597	2110189	24.000000000000
1598	2110379	24.000000000000
1599	2110411	24.000000000000
1600	2110460	24.000000000000
1601	2110478	24.000000000000
1602	2110544	24.000000000000
1603	2110577	24.000000000000
1604	2110593	24.000000000000
1605	2110601	24.000000000000
1606	2110635	24.000000000000
1607	2110650	24.000000000000
1608	2110692	24.000000000000
1609	2110775	24.000000000000
1610	2110833	24.000000000000
1611	2110841	24.000000000000
1612	2110858	24.000000000000
1613	2110866	24.000000000000
1614	2110890	24.000000000000
1615	2110940	24.000000000000
1616	2110965	24.000000000000
1617	2110999	24.000000000000
1618	2111203	24.000000000000
1619	2111229	24.000000000000
1620	2111252	24.000000000000
1621	2111310	24.000000000000
1622	2111385	24.000000000000
1623	2111427	24.000000000000
1624	2111435	24.000000000000
1625	2111609	24.000000000000
1626	2111633	24.000000000000
1627	2111674	24.000000000000
1628	2111732	24.000000000000
1629	2111765	24.000000000000
1630	2111815	24.000000000000
1631	2111856	24.000000000000
1632	2111872	24.000000000000
1633	2111922	24.000000000000
1634	2111955	24.000000000000
1635	2112060	24.000000000000
1636	2112151	24.000000000000
1637	2112193	24.000000000000
1638	2112235	24.000000000000
1639	2112409	24.000000000000
1640	2112417	24.000000000000
1641	2112425	24.000000000000
1642	2112441	24.000000000000
1643	2112482	24.000000000000
1644	2112516	24.000000000000
1645	2112615	24.000000000000
1646	2112904	24.000000000000
1647	2113043	24.000000000000
1648	2113092	24.000000000000
1649	2113142	24.000000000000
1650	2113233	24.000000000000
1651	2113241	24.000000000000
1652	2113290	24.000000000000
1653	2113340	24.000000000000
1654	2113449	24.000000000000
1655	2113456	24.000000000000
1656	2113464	24.000000000000
1657	2113472	24.000000000000
1658	2113555	24.000000000000
1659	2113571	24.000000000000
1660	2113613	24.000000000000
1661	2113639	24.000000000000
1662	2113647	24.000000000000
1663	2113696	24.000000000000
1664	2113712	24.000000000000
1665	2113753	24.000000000000
1666	2113779	24.000000000000
1667	2113837	24.000000000000
1668	2113852	24.000000000000
1669	2113951	24.000000000000
1670	2114017	24.000000000000
1671	2114025	24.000000000000
1672	2114041	24.000000000000
1673	2114074	24.000000000000
1674	2114157	24.000000000000
1675	2114207	24.000000000000
1676	2114215	24.000000000000
1677	2114231	24.000000000000
1678	2114280	24.000000000000
1679	2114314	24.000000000000
1680	2114348	24.000000000000
1681	2114371	24.000000000000
1682	2114454	24.000000000000
1683	2114462	24.000000000000
1684	2114496	24.000000000000
1685	2114579	24.000000000000
1686	2114736	24.000000000000
1687	2114819	24.000000000000
1688	2114892	24.000000000000
1689	2114918	24.000000000000
1690	2114942	24.000000000000
1691	2114975	24.000000000000
1692	2115006	24.000000000000
1693	2115154	24.000000000000
1694	2115170	24.000000000000
1695	2115188	24.000000000000
1696	2115220	24.000000000000
1697	2115279	24.000000000000
1698	2115345	24.000000000000
1699	2115477	24.000000000000
1700	2115485	24.000000000000
1701	2115527	24.000000000000
1702	2115667	24.000000000000
1703	2115733	24.000000000000
1704	2115741	24.000000000000
1705	2115774	24.000000000000
1706	2115782	24.000000000000
1707	2115998	24.000000000000
1708	2116053	24.000000000000
1709	2116137	24.000000000000
1710	2116186	24.000000000000
1711	2116210	24.000000000000
1712	2116251	24.000000000000
1713	2116277	24.000000000000
1714	2116368	24.000000000000
1715	2116434	24.000000000000
1716	2116467	24.000000000000
1717	2116558	24.000000000000
1718	2116608	24.000000000000
1719	2116632	24.000000000000
1720	2116699	24.000000000000
1721	2116772	24.000000000000
1722	2116780	24.000000000000
1723	2116798	24.000000000000
1724	2116871	24.000000000000
1725	2116921	24.000000000000
1726	2116996	24.000000000000
1727	2117010	24.000000000000
1728	2117028	24.000000000000
1729	2117069	24.000000000000
1730	2117135	24.000000000000
1731	2117184	24.000000000000
1732	2117200	24.000000000000
1733	2117226	24.000000000000
1734	2117242	24.000000000000
1735	2117309	24.000000000000
1736	2117317	24.000000000000
1737	2117358	24.000000000000
1738	2117424	24.000000000000
1739	2117457	24.000000000000
1740	2117523	24.000000000000
1741	2117531	24.000000000000
1742	2117549	24.000000000000
1743	2117630	24.000000000000
1744	2117648	24.000000000000
1745	2117697	24.000000000000
1746	2117788	24.000000000000
1747	2117812	24.000000000000
1748	2117911	24.000000000000
1749	2117945	24.000000000000
1750	2118075	24.000000000000
1751	2118125	24.000000000000
1752	2118182	24.000000000000
1753	2118257	24.000000000000
1754	2118299	24.000000000000
1755	2118307	24.000000000000
1756	2118356	24.000000000000
1757	2118372	24.000000000000
1758	2118398	24.000000000000
1759	2118448	24.000000000000
1760	2118570	24.000000000000
1761	2118612	24.000000000000
1762	2118653	24.000000000000
1763	2118679	24.000000000000
1764	2118778	24.000000000000
1765	2118885	24.000000000000
1766	2118927	24.000000000000
1767	2118968	24.000000000000
1768	2119024	24.000000000000
1769	2119065	24.000000000000
1770	2119115	24.000000000000
1771	2119123	24.000000000000
1772	2119164	24.000000000000
1773	2119222	24.000000000000
1774	2119339	24.000000000000
1775	2119347	24.000000000000
1776	2119362	24.000000000000
1777	2119404	24.000000000000
1778	2119446	24.000000000000
1779	2119461	24.000000000000
1780	2119479	24.000000000000
1781	2119552	24.000000000000
1782	2119560	24.000000000000
1783	2119578	24.000000000000
1784	2119594	24.000000000000
1785	2119677	24.000000000000
1786	2119693	24.000000000000
1787	2119735	24.000000000000
1788	2119834	24.000000000000
1789	2119875	24.000000000000
1790	2120071	24.000000000000
1791	2120089	24.000000000000
1792	2120196	24.000000000000
1793	2120238	24.000000000000
1794	2120261	24.000000000000
1795	2120329	24.000000000000
1796	2120378	24.000000000000
1797	2120436	24.000000000000
1798	2120444	24.000000000000
1799	2120451	24.000000000000
1800	2120485	24.000000000000
1801	2120543	24.000000000000
1802	2120618	24.000000000000
1803	2120675	24.000000000000
1804	2120691	24.000000000000
1805	2120816	24.000000000000
1806	2120840	24.000000000000
1807	2120857	24.000000000000
1808	2120956	24.000000000000
1809	2120964	24.000000000000
1810	2121095	24.000000000000
1811	2121178	24.000000000000
1812	2121228	24.000000000000
1813	2121251	24.000000000000
1814	2121277	24.000000000000
1815	2121327	24.000000000000
1816	2121384	24.000000000000
1817	2121400	24.000000000000
1818	2121418	24.000000000000
1819	2121533	24.000000000000
1820	2121582	24.000000000000
1821	2121590	24.000000000000
1822	2121624	24.000000000000
1823	2121749	24.000000000000
1824	2121855	24.000000000000
1825	2121871	24.000000000000
1826	2121905	24.000000000000
1827	2121947	24.000000000000
1828	2122010	24.000000000000
1829	2122077	24.000000000000
1830	2122101	24.000000000000
1831	2122200	24.000000000000
1832	2122242	24.000000000000
1833	2122291	24.000000000000
1834	2122366	24.000000000000
1835	2122374	24.000000000000
1836	2122465	24.000000000000
1837	2122481	24.000000000000
1838	2122515	24.000000000000
1839	2122564	24.000000000000
1840	2122622	24.000000000000
1841	2122655	24.000000000000
1842	2122705	24.000000000000
1843	2122788	24.000000000000
1844	2122804	24.000000000000
1845	2122838	24.000000000000
1846	2122929	24.000000000000
1847	2123000	24.000000000000
1848	2123034	24.000000000000
1849	2123067	24.000000000000
1850	2123091	24.000000000000
1851	2123133	24.000000000000
1852	2123158	24.000000000000
1853	2123257	24.000000000000
1854	2123356	24.000000000000
1855	2123422	24.000000000000
1856	2123463	24.000000000000
1857	2123471	24.000000000000
1858	2123513	24.000000000000
1859	2123554	24.000000000000
1860	2123596	24.000000000000
1861	2123695	24.000000000000
1862	2123844	24.000000000000
1863	2123885	24.000000000000
1864	2123919	24.000000000000
1865	2123968	24.000000000000
1866	2124040	24.000000000000
1867	2124073	24.000000000000
1868	2124099	24.000000000000
1869	2124115	24.000000000000
1870	2124156	24.000000000000
1871	2124198	24.000000000000
1872	2124214	24.000000000000
1873	2124248	24.000000000000
1874	2124305	24.000000000000
1875	2124321	24.000000000000
1876	2124388	24.000000000000
1877	2124404	24.000000000000
1878	2124412	24.000000000000
1879	2124511	24.000000000000
1880	2124545	24.000000000000
1881	2124701	24.000000000000
1882	2124750	24.000000000000
1883	2124768	24.000000000000
1884	2124818	24.000000000000
1885	2124909	24.000000000000
1886	2124941	24.000000000000
1887	2124966	24.000000000000
1888	2125047	24.000000000000
1889	2125203	24.000000000000
1890	2125385	24.000000000000
1891	2125401	24.000000000000
1892	2125419	24.000000000000
1893	2125427	24.000000000000
1894	2125443	24.000000000000
1895	2125609	24.000000000000
1896	2125617	24.000000000000
1897	2125633	24.000000000000
1898	2125658	24.000000000000
1899	2125948	24.000000000000
1900	2125963	24.000000000000
1901	2126078	24.000000000000
1902	2126102	24.000000000000
1903	2126136	24.000000000000
1904	2126243	24.000000000000
1905	2126276	24.000000000000
1906	2126292	24.000000000000
1907	2126458	24.000000000000
1908	2126466	24.000000000000
1909	2126474	24.000000000000
1910	2126490	24.000000000000
1911	2126508	24.000000000000
1912	2126532	24.000000000000
1913	2126565	24.000000000000
1914	2126581	24.000000000000
1915	2126706	24.000000000000
1916	2126722	24.000000000000
1917	2126755	24.000000000000
1918	2126771	24.000000000000
1919	2126789	24.000000000000
1920	2126847	24.000000000000
1921	2126888	24.000000000000
1922	2126912	24.000000000000
1923	2126946	24.000000000000
1924	2127019	24.000000000000
1925	2127035	24.000000000000
1926	2127050	24.000000000000
1927	2127076	24.000000000000
1928	2127100	24.000000000000
1929	2127167	24.000000000000
1930	2127175	24.000000000000
1931	2127217	24.000000000000
1932	2127290	24.000000000000
1933	2127308	24.000000000000
1934	2127407	24.000000000000
1935	2127498	24.000000000000
1936	2127548	24.000000000000
1937	2127571	24.000000000000
1938	2127597	24.000000000000
1939	2127605	24.000000000000
1940	2127621	24.000000000000
1941	2127761	24.000000000000
1942	2127803	24.000000000000
1943	2127928	24.000000000000
1944	2127936	24.000000000000
1945	2128116	24.000000000000
1946	2128215	24.000000000000
1947	2128231	24.000000000000
1948	2128280	24.000000000000
1949	2128330	24.000000000000
1950	2128348	24.000000000000
1951	2128389	24.000000000000
1952	2128447	24.000000000000
1953	2128546	24.000000000000
1954	2128553	24.000000000000
1955	2128561	24.000000000000
1956	2128595	24.000000000000
1957	2128769	24.000000000000
1958	2128827	24.000000000000
1959	2128850	24.000000000000
1960	2128884	24.000000000000
1961	2128900	24.000000000000
1962	2128959	24.000000000000
1963	2129031	24.000000000000
1964	2129064	24.000000000000
1965	2129080	24.000000000000
1966	2129098	24.000000000000
1967	2129163	24.000000000000
1968	2129197	24.000000000000
1969	2129239	24.000000000000
1970	2129296	24.000000000000
1971	2129361	24.000000000000
1972	2129379	24.000000000000
1973	2129429	24.000000000000
1974	2129445	24.000000000000
1975	2129494	24.000000000000
1976	2129528	24.000000000000
1977	2129551	24.000000000000
1978	2129726	24.000000000000
1979	2129734	24.000000000000
1980	2129767	24.000000000000
1981	2129817	24.000000000000
1982	2129833	24.000000000000
1983	2129874	24.000000000000
1984	2129940	24.000000000000
1985	2130039	24.000000000000
1986	2130161	24.000000000000
1987	2130229	24.000000000000
1988	2130237	24.000000000000
1989	2130278	24.000000000000
1990	2130344	24.000000000000
1991	2130351	24.000000000000
1992	2130377	24.000000000000
1993	2130419	24.000000000000
1994	2130583	24.000000000000
1995	2130591	24.000000000000
1996	2130641	24.000000000000
1997	2130807	24.000000000000
1998	2130849	24.000000000000
1999	2130856	24.000000000000
2000	2130914	24.000000000000
2001	2130948	24.000000000000
2002	2131136	24.000000000000
2003	2131144	24.000000000000
2004	2131250	24.000000000000
2005	2131326	24.000000000000
2006	2131391	24.000000000000
2007	2131466	24.000000000000
2008	2131508	24.000000000000
2009	2131516	24.000000000000
2010	2131557	24.000000000000
2011	2131664	24.000000000000
2012	2131730	24.000000000000
2013	2131813	24.000000000000
2014	2131821	24.000000000000
2015	2131862	24.000000000000
2016	2131870	24.000000000000
2017	2131896	24.000000000000
2018	2131912	24.000000000000
2019	2131938	24.000000000000
2020	2131979	24.000000000000
2021	2131995	24.000000000000
2022	2132019	24.000000000000
2023	2132043	24.000000000000
2024	2132068	24.000000000000
2025	2132290	24.000000000000
2026	2132316	24.000000000000
2027	2132340	24.000000000000
2028	2132365	24.000000000000
2029	2132472	24.000000000000
2030	2132506	24.000000000000
2031	2132555	24.000000000000
2032	2132787	24.000000000000
2033	2132803	24.000000000000
2034	2132845	24.000000000000
2035	2132852	24.000000000000
2036	2132928	24.000000000000
2037	2132936	24.000000000000
2038	2133033	24.000000000000
2039	2133058	24.000000000000
2040	2133066	24.000000000000
2041	2133108	24.000000000000
2042	2133173	24.000000000000
2043	2133207	24.000000000000
2044	2133231	24.000000000000
2045	2133272	24.000000000000
2046	2133298	24.000000000000
2047	2133330	24.000000000000
2048	2133413	24.000000000000
2049	2133447	24.000000000000
2050	2133496	24.000000000000
2051	2133504	24.000000000000
2052	2133546	24.000000000000
2053	2133579	24.000000000000
2054	2133611	24.000000000000
2055	2133645	24.000000000000
2056	2133660	24.000000000000
2057	2133983	24.000000000000
2058	2134023	24.000000000000
2059	2134122	24.000000000000
2060	2134130	24.000000000000
2061	2134213	24.000000000000
2062	2134254	24.000000000000
2063	2134262	24.000000000000
2064	2134288	24.000000000000
2065	2134452	24.000000000000
2066	2134478	24.000000000000
2067	2134577	24.000000000000
2068	2134643	24.000000000000
2069	2134676	24.000000000000
2070	2134742	24.000000000000
2071	2134767	24.000000000000
2072	2134874	24.000000000000
2073	2135186	24.000000000000
2074	2135244	24.000000000000
2075	2135251	24.000000000000
2076	2135301	24.000000000000
2077	2135384	24.000000000000
2078	2135392	24.000000000000
2079	2135434	24.000000000000
2080	2135442	24.000000000000
2081	2135608	24.000000000000
2082	2135640	24.000000000000
2083	2135681	24.000000000000
2084	2135756	24.000000000000
2085	2135848	24.000000000000
2086	2135889	24.000000000000
2087	2135970	24.000000000000
2088	2135996	24.000000000000
2089	2136069	24.000000000000
2090	2136143	24.000000000000
2091	2136150	24.000000000000
2092	2136242	24.000000000000
2093	2136341	24.000000000000
2094	2136531	24.000000000000
2095	2136572	24.000000000000
2096	2136598	24.000000000000
2097	2136606	24.000000000000
2098	2136697	24.000000000000
2099	2136705	24.000000000000
2100	2136770	24.000000000000
2101	2136796	24.000000000000
2102	2136804	24.000000000000
2103	2136812	24.000000000000
2104	2136820	24.000000000000
2105	2136937	24.000000000000
2106	2136960	24.000000000000
2107	2137067	24.000000000000
2108	2137216	24.000000000000
2109	2137281	24.000000000000
2110	2137299	24.000000000000
2111	2137331	24.000000000000
2112	2137349	24.000000000000
2113	2137380	24.000000000000
2114	2137513	24.000000000000
2115	2137539	24.000000000000
2116	2137687	24.000000000000
2117	2137745	24.000000000000
2118	2137760	24.000000000000
2119	2137885	24.000000000000
2120	2137935	24.000000000000
2121	2138024	24.000000000000
2122	2138149	24.000000000000
2123	2138206	24.000000000000
2124	2138487	24.000000000000
2125	2138685	24.000000000000
2126	2138743	24.000000000000
2127	2138776	24.000000000000
2128	2138800	24.000000000000
2129	2138842	24.000000000000
2130	2138966	24.000000000000
2131	2139022	24.000000000000
2132	2139113	24.000000000000
2133	2139121	24.000000000000
2134	2139139	24.000000000000
2135	2139162	24.000000000000
2136	2139220	24.000000000000
2137	2139287	24.000000000000
2138	2139345	24.000000000000
2139	2139535	24.000000000000
2140	2139543	24.000000000000
2141	2139626	24.000000000000
2142	2139717	24.000000000000
2143	2139766	24.000000000000
2144	2139774	24.000000000000
2145	2139964	24.000000000000
2146	2140004	24.000000000000
2147	2140046	24.000000000000
2148	2140095	24.000000000000
2149	2140103	24.000000000000
2150	2140277	24.000000000000
2151	2140467	24.000000000000
2152	2140483	24.000000000000
2153	2140558	24.000000000000
2154	2140566	24.000000000000
2155	2140798	24.000000000000
2156	2140905	24.000000000000
2157	2140988	24.000000000000
2158	2141002	24.000000000000
2159	2141044	24.000000000000
2160	2141085	24.000000000000
2161	2141200	24.000000000000
2162	2141283	24.000000000000
2163	2141317	24.000000000000
2164	2141341	24.000000000000
2165	2141440	24.000000000000
2166	2141457	24.000000000000
2167	2141473	24.000000000000
2168	2141507	24.000000000000
2169	2141523	24.000000000000
2170	2141549	24.000000000000
2171	2141812	24.000000000000
2172	2141846	24.000000000000
2173	2141861	24.000000000000
2174	2141879	24.000000000000
2175	2141960	24.000000000000
2176	2142018	24.000000000000
2177	2142240	24.000000000000
2178	2142414	24.000000000000
2179	2142430	24.000000000000
2180	2142513	24.000000000000
2181	2142554	24.000000000000
2182	2142604	24.000000000000
2183	2142703	24.000000000000
2184	2142794	24.000000000000
2185	2142885	24.000000000000
2186	2142919	24.000000000000
2187	2142943	24.000000000000
2188	2142976	24.000000000000
2189	2142992	24.000000000000
2190	2143040	24.000000000000
2191	2143180	24.000000000000
2192	2143230	24.000000000000
2193	2143271	24.000000000000
2194	2143305	24.000000000000
2195	2143396	24.000000000000
2196	2143438	24.000000000000
2197	2143503	24.000000000000
2198	2143537	24.000000000000
2199	2143586	24.000000000000
2200	2143875	24.000000000000
2201	2144048	24.000000000000
2202	2144113	24.000000000000
2203	2144162	24.000000000000
2204	2144188	24.000000000000
2205	2144246	24.000000000000
2206	2144295	24.000000000000
2207	2144329	24.000000000000
2208	2144428	24.000000000000
2209	2144436	24.000000000000
2210	2144451	24.000000000000
2211	2144469	24.000000000000
2212	2144576	24.000000000000
2213	2144584	24.000000000000
2214	2144675	24.000000000000
2215	2144717	24.000000000000
2216	2144733	24.000000000000
2217	2144808	24.000000000000
2218	2144840	24.000000000000
2219	2144881	24.000000000000
2220	2145029	24.000000000000
2221	2145060	24.000000000000
2222	2145243	24.000000000000
2223	2145292	24.000000000000
2224	2145326	24.000000000000
2225	2145409	24.000000000000
2226	2145425	24.000000000000
2227	2145490	24.000000000000
2228	2145599	24.000000000000
2229	2145672	24.000000000000
2230	2145698	24.000000000000
2231	2145763	24.000000000000
2232	2145805	24.000000000000
2233	2145854	24.000000000000
2234	2146035	24.000000000000
2235	2146050	24.000000000000
2236	2146092	24.000000000000
2237	2146118	24.000000000000
2238	2146142	24.000000000000
2239	2146456	24.000000000000
2240	2146472	24.000000000000
2241	2146480	24.000000000000
2242	2146597	24.000000000000
2243	2146621	24.000000000000
2244	2146662	24.000000000000
2245	2146738	24.000000000000
2246	2146894	24.000000000000
2247	2147215	24.000000000000
2248	2147314	24.000000000000
2249	2147371	24.000000000000
2250	2147512	24.000000000000
2251	2147579	24.000000000000
2252	2147751	24.000000000000
2253	2147777	24.000000000000
2254	2147785	24.000000000000
2255	2147835	24.000000000000
2256	2147892	24.000000000000
2257	2147942	24.000000000000
2258	2147959	24.000000000000
2259	2147975	24.000000000000
2260	2147983	24.000000000000
2261	2147991	24.000000000000
2262	2148031	24.000000000000
2263	2148064	24.000000000000
2264	2148205	24.000000000000
2265	2148296	24.000000000000
2266	2148353	24.000000000000
2267	2148452	24.000000000000
2268	2148494	24.000000000000
2269	2148726	24.000000000000
2270	2148791	24.000000000000
2271	2148882	24.000000000000
2272	2148924	24.000000000000
2273	2149039	24.000000000000
2274	2149468	24.000000000000
2275	2149500	24.000000000000
2276	2149518	24.000000000000
2277	2149567	24.000000000000
2278	2149583	24.000000000000
2279	2149609	24.000000000000
2280	2149674	24.000000000000
2281	2149799	24.000000000000
2282	2149823	24.000000000000
2283	2149872	24.000000000000
2284	2149989	24.000000000000
2285	2150029	24.000000000000
2286	2150094	24.000000000000
2287	2150201	24.000000000000
2288	2150292	24.000000000000
2289	2150425	24.000000000000
2290	2150490	24.000000000000
2291	2150557	24.000000000000
2292	2150680	24.000000000000
2293	2150706	24.000000000000
2294	2150771	24.000000000000
2295	2150813	24.000000000000
2296	2150847	24.000000000000
2297	2150854	24.000000000000
2298	2150938	24.000000000000
2299	2151027	24.000000000000
2300	2151282	24.000000000000
2301	2151332	24.000000000000
2302	2151340	24.000000000000
2303	2151407	24.000000000000
2304	2151423	24.000000000000
2305	2151472	24.000000000000
2306	2151555	24.000000000000
2307	2151613	24.000000000000
2308	2151829	24.000000000000
2309	2151852	24.000000000000
2310	2152017	24.000000000000
2311	2152108	24.000000000000
2312	2152116	24.000000000000
2313	2152173	24.000000000000
2314	2152264	24.000000000000
2315	2152280	24.000000000000
2316	2152355	24.000000000000
2317	2152454	24.000000000000
2318	2152702	24.000000000000
2319	2152801	24.000000000000
2320	2152975	24.000000000000
2321	2152983	24.000000000000
2322	2153015	24.000000000000
2323	2153064	24.000000000000
2324	2153163	24.000000000000
2325	2153288	24.000000000000
2326	2153387	24.000000000000
2327	2153494	24.000000000000
2328	2153619	24.000000000000
2329	2153759	24.000000000000
2330	2153791	24.000000000000
2331	2153890	24.000000000000
2332	2154047	24.000000000000
2333	2154054	24.000000000000
2334	2154112	24.000000000000
2335	2154237	24.000000000000
2336	2154278	24.000000000000
2337	2154336	24.000000000000
2338	2154351	24.000000000000
2339	2154468	24.000000000000
2340	2154625	24.000000000000
2341	2154849	24.000000000000
2342	2154898	24.000000000000
2343	2154948	24.000000000000
2344	2155010	24.000000000000
2345	2155051	24.000000000000
2346	2155085	24.000000000000
2347	2155101	24.000000000000
2348	2155572	24.000000000000
2349	2155580	24.000000000000
2350	2155622	24.000000000000
2351	2155697	24.000000000000
2352	2155879	24.000000000000
2353	2155929	24.000000000000
2354	2156034	24.000000000000
2355	2156059	24.000000000000
2356	2156224	24.000000000000
2357	2156299	24.000000000000
2358	2156455	24.000000000000
2359	2156562	24.000000000000
2360	2156786	24.000000000000
2361	2156943	24.000000000000
2362	2157024	24.000000000000
2363	2157040	24.000000000000
2364	2157115	24.000000000000
2365	2157164	24.000000000000
2366	2157297	24.000000000000
2367	2157420	24.000000000000
2368	2157495	24.000000000000
2369	2157701	24.000000000000
2370	2157776	24.000000000000
2371	2157925	24.000000000000
2372	2158055	24.000000000000
2373	2158097	24.000000000000
2374	2158188	24.000000000000
2375	2158196	24.000000000000
2376	2158261	24.000000000000
2377	2158378	24.000000000000
2378	2158410	24.000000000000
2379	2158436	24.000000000000
2380	2158519	24.000000000000
2381	2158642	24.000000000000
2382	2158725	24.000000000000
2383	2158873	24.000000000000
2384	2159046	24.000000000000
2385	2159079	24.000000000000
2386	2159301	24.000000000000
2387	2159319	24.000000000000
2388	2159657	24.000000000000
2389	2159681	24.000000000000
2390	2159749	24.000000000000
2391	2159756	24.000000000000
2392	2159814	24.000000000000
2393	2159897	24.000000000000
2394	2160085	24.000000000000
2395	2160119	24.000000000000
2396	2160259	24.000000000000
2397	2160382	24.000000000000
2398	2160390	24.000000000000
2399	2160440	24.000000000000
2400	2160549	24.000000000000
2401	2160648	24.000000000000
2402	2160762	24.000000000000
2403	2160804	24.000000000000
2404	2161034	24.000000000000
2405	2161224	24.000000000000
2406	2161240	24.000000000000
2407	2161315	24.000000000000
2408	2161331	24.000000000000
2409	2161521	24.000000000000
2410	2161554	24.000000000000
2411	2161596	24.000000000000
2412	2161885	24.000000000000
2413	2162065	24.000000000000
2414	2162115	24.000000000000
2415	2162172	24.000000000000
2416	2162206	24.000000000000
2417	2162313	24.000000000000
2418	2162479	24.000000000000
2419	2162537	24.000000000000
2420	2162545	24.000000000000
2421	2162560	24.000000000000
2422	2162669	24.000000000000
2423	2162685	24.000000000000
2424	2162750	24.000000000000
2425	2162891	24.000000000000
2426	2163071	24.000000000000
2427	2163170	24.000000000000
2428	2163188	24.000000000000
2429	2163246	24.000000000000
2430	2163253	24.000000000000
2431	2163394	24.000000000000
2432	2163477	24.000000000000
2433	2163725	24.000000000000
2434	2163758	24.000000000000
2435	2163766	24.000000000000
2436	2163964	24.000000000000
2437	2164038	24.000000000000
2438	2164087	24.000000000000
2439	2164319	24.000000000000
2440	2164392	24.000000000000
2441	2164632	24.000000000000
2442	2164756	24.000000000000
2443	2164764	24.000000000000
2444	2164830	24.000000000000
2445	2164863	24.000000000000
2446	2164996	24.000000000000
2447	2165118	24.000000000000
2448	2165209	24.000000000000
2449	2165332	24.000000000000
2450	2165423	24.000000000000
2451	2165464	24.000000000000
2452	2165688	24.000000000000
2453	2165746	24.000000000000
2454	2165779	24.000000000000
2455	2165837	24.000000000000
2456	2165860	24.000000000000
2457	2165951	24.000000000000
2458	2166009	24.000000000000
2459	2166066	24.000000000000
2460	2166124	24.000000000000
2461	2166165	24.000000000000
2462	2166181	24.000000000000
2463	2166223	24.000000000000
2464	2166272	24.000000000000
2465	2166389	24.000000000000
2466	2166546	24.000000000000
2467	2166629	24.000000000000
2468	2166868	24.000000000000
2469	2166884	24.000000000000
2470	2166934	24.000000000000
2471	2166959	24.000000000000
2472	2167023	24.000000000000
2473	2167122	24.000000000000
2474	2167221	24.000000000000
2475	2167320	24.000000000000
2476	2167452	24.000000000000
2477	2167502	24.000000000000
2478	2167726	24.000000000000
2479	2167791	24.000000000000
2480	2167817	24.000000000000
2481	2167825	24.000000000000
2482	2168005	24.000000000000
2483	2168013	24.000000000000
2484	2168245	24.000000000000
2485	2168286	24.000000000000
2486	2168377	24.000000000000
2487	2168443	24.000000000000
2488	2168542	24.000000000000
2489	2168740	24.000000000000
2490	2168765	24.000000000000
2491	2168815	24.000000000000
2492	2168823	24.000000000000
2493	2168898	24.000000000000
2494	2168922	24.000000000000
2495	2169128	24.000000000000
2496	2169136	24.000000000000
2497	2169219	24.000000000000
2498	2169250	24.000000000000
2499	2169268	24.000000000000
2500	2169292	24.000000000000
2501	2169789	24.000000000000
2502	2169821	24.000000000000
2503	2169896	24.000000000000
2504	2169938	24.000000000000
2505	2169946	24.000000000000
2506	2170035	24.000000000000
2507	2170100	24.000000000000
2508	2170183	24.000000000000
2509	2170472	24.000000000000
2510	2170639	24.000000000000
2511	1100255	24.000000000000
2512	1101543	24.000000000000
2513	1103770	24.000000000000
2514	1113514	24.000000000000
2515	1114652	24.000000000000
2516	1115089	24.000000000000
2517	1115667	24.000000000000
2518	1128629	24.000000000000
2519	1133140	24.000000000000
2520	1133587	24.000000000000
2521	1134130	24.000000000000
2522	1136044	24.000000000000
2523	1136184	24.000000000000
2524	1139568	24.000000000000
2525	1140590	24.000000000000
2526	1145292	24.000000000000
2527	1152694	24.000000000000
2528	1155531	24.000000000000
2529	1155689	24.000000000000
2530	2102046	24.000000000000
2531	2104190	24.000000000000
2532	2109835	24.000000000000
2533	2114744	24.000000000000
2534	2121459	24.000000000000
2535	2133132	24.000000000000
2536	2137596	24.000000000000
2537	2142950	24.000000000000
2538	2144824	24.000000000000
2539	2147538	24.000000000000
2540	2151779	24.000000000000
2541	2151944	24.000000000000
2542	2152256	24.000000000000
2543	2155333	24.000000000000
2544	2167171	24.000000000000
2545	1101410	24.000000000000
2546	1101899	24.000000000000
2547	1111567	24.000000000000
2548	1115097	24.000000000000
2549	1118109	24.000000000000
2550	1123562	24.000000000000
2551	1123679	24.000000000000
2552	1124883	24.000000000000
2553	1125757	24.000000000000
2554	1126185	24.000000000000
2555	1126706	24.000000000000
2556	1128785	24.000000000000
2557	1129403	24.000000000000
2558	1135558	24.000000000000
2559	1136127	24.000000000000
2560	1137968	24.000000000000
2561	1145979	24.000000000000
2562	1147025	24.000000000000
2563	1148833	24.000000000000
2564	1151050	24.000000000000
2565	1151340	24.000000000000
2566	1155747	24.000000000000
2567	2101154	24.000000000000
2568	2106690	24.000000000000
2569	2107961	24.000000000000
2570	2107987	24.000000000000
2571	2108498	24.000000000000
2572	2109066	24.000000000000
2573	2109512	24.000000000000
2574	2111013	24.000000000000
2575	2111708	24.000000000000
2576	2112037	24.000000000000
2577	2114512	24.000000000000
2578	2118869	24.000000000000
2579	2119255	24.000000000000
2580	2120253	24.000000000000
2581	2121699	24.000000000000
2582	2122903	24.000000000000
2583	2126482	24.000000000000
2584	2129544	24.000000000000
2585	2130260	24.000000000000
2586	2135772	24.000000000000
2587	2136077	24.000000000000
2588	2136549	24.000000000000
2589	2138198	24.000000000000
2590	2139907	24.000000000000
2591	2141630	24.000000000000
2592	2144105	24.000000000000
2593	2149054	24.000000000000
2594	2160325	24.000000000000
2595	2162552	24.000000000000
2596	2162792	24.000000000000
2597	2167759	24.000000000000
2598	2169623	24.000000000000
